TxHash,BlockNumber,UnixTimestamp,FromAddress,ToAddress,ContractAddress,Type,Value,Fee,Status,ErrCode,CurrentPrice,TxDateOpeningPrice,TxDateClosingPrice
0x105151ab1f04951bc4bb5f96e22cf8d17b16733dbcac7217725d5f3b9c185b9b,3451552,2019-10-01 15:11:40.000000Z,0xe659bc6A60Ba2091c08F7df623BA6057349B6980,0x19e51aFD3EfA98A6E4B82D3834DE174D7a33f9B5,,IN,0,103077000000000,ok,,,0.01596,0.01615
0xf20f9cadee8efa389a0634354bb251e7350c90b803b6274f109ee75759f10de8,3451056,2019-10-01 14:07:15.000000Z,0xaA84378fA41da83a9B6523bA46E45A664FbEBFC8,0x19e51aFD3EfA98A6E4B82D3834DE174D7a33f9B5,,IN,0,287844000000000,ok,,,0.01596,0.01615
0xa452077d615615f4097c8d8e30b8862b79b7bf35c37a13b4461280ebff2442c1,3451046,2019-10-01 14:05:45.000000Z,0xaA84378fA41da83a9B6523bA46E45A664FbEBFC8,0x19e51aFD3EfA98A6E4B82D3834DE174D7a33f9B5,,IN,0,286948000000000,ok,,,0.01596,0.01615
0x1f707be581dcc8966b9dd245763748d199ac308e6b627f54e8bca1a70b07dafc,3451016,2019-10-01 14:01:35.000000Z,0xaA84378fA41da83a9B6523bA46E45A664FbEBFC8,0x19e51aFD3EfA98A6E4B82D3834DE174D7a33f9B5,,IN,0,287716000000000,ok,,,0.01596,0.01615
0x1c38599df4328dfb8019142320f4ec127353158cf239a2ee12237290955f1791,3451011,2019-10-01 14:01:00.000000Z,0xaA84378fA41da83a9B6523bA46E45A664FbEBFC8,0x19e51aFD3EfA98A6E4B82D3834DE174D7a33f9B5,,IN,0,286820000000000,ok,,,0.01596,0.01615
0xfdbcf7df1968961a05cfb59a67bc98eea3db61b65b442ec591970fc13f78c6bc,3451003,2019-10-01 13:59:45.000000Z,0xaA84378fA41da83a9B6523bA46E45A664FbEBFC8,0x19e51aFD3EfA98A6E4B82D3834DE174D7a33f9B5,,IN,0,287908000000000,ok,,,0.01596,0.01615
0xa53cd6f725bc20ef25443ffeb2af5cb70eb2dd0010fd0da3469cbcd48a8ed5f5,3238307,2019-09-12 07:26:20.000000Z,0xaA84378fA41da83a9B6523bA46E45A664FbEBFC8,0x19e51aFD3EfA98A6E4B82D3834DE174D7a33f9B5,,IN,0,33025000000000,error,Reverted,,0.01413,0.01356
0x6bfd7d607679d8b78ead008fad9b3734803dfaece406619c2040ac31962ab1c9,3238304,2019-09-12 07:26:00.000000Z,0xaA84378fA41da83a9B6523bA46E45A664FbEBFC8,0x19e51aFD3EfA98A6E4B82D3834DE174D7a33f9B5,,IN,0,660500000000000,error,Reverted,,0.01413,0.01356
0x725feb006fc0aa72f928ea7a1f77a8c3111473156377835c11b2ed27d363f975,3139912,2019-09-03 07:46:10.000000Z,0xaA84378fA41da83a9B6523bA46E45A664FbEBFC8,0x19e51aFD3EfA98A6E4B82D3834DE174D7a33f9B5,,IN,0,70034000000000,ok,,,0.01361,0.01307
0xb332561aae91eb4fdcb44564497174224d438034c83ff1b6e089f4abf542d35b,3012269,2019-08-21 07:59:40.000000Z,0xaA84378fA41da83a9B6523bA46E45A664FbEBFC8,0x19e51aFD3EfA98A6E4B82D3834DE174D7a33f9B5,,IN,0,137053000000000,ok,,,0.01411,0.01388
0x7e25134de619791a526a1400a85235edb5af59003124489ffc2fe01794a9b798,3012268,2019-08-21 07:59:30.000000Z,0xaA84378fA41da83a9B6523bA46E45A664FbEBFC8,0x19e51aFD3EfA98A6E4B82D3834DE174D7a33f9B5,,IN,0,182447000000000,ok,,,0.01411,0.01388
0x4196f176eace0f0d36b4b1d48530e340a3dddec06f913310d9faf31a6dcde2cb,2713057,2019-07-24 18:24:20.000000Z,0xe659bc6A60Ba2091c08F7df623BA6057349B6980,0x19e51aFD3EfA98A6E4B82D3834DE174D7a33f9B5,,IN,0,87525000000000,ok,,,0.02089,0.02091
0x808479f080c21a5b8dad4bce49a4d5a617c1ce627bf584ac3a017eaf2841e63e,2713055,2019-07-24 18:24:05.000000Z,0xe659bc6A60Ba2091c08F7df623BA6057349B6980,0x19e51aFD3EfA98A6E4B82D3834DE174D7a33f9B5,,IN,0,102525000000000,ok,,,0.02089,0.02091
0xc69013dfd1b563dcbc617d9e1edbd8e51df110e759cff61eb5f2da2ce82f9df6,2710202,2019-07-24 13:07:00.000000Z,0x60B038A423272609807AFB59Bfd4EdEdd8938F48,0x19e51aFD3EfA98A6E4B82D3834DE174D7a33f9B5,,IN,0,87525000000000,ok,,,0.02089,0.02091
0x397dccacfe9e9480871eb52d74b9995f56383c48899c847ce6b8d4c65b84dd8f,2710194,2019-07-24 13:06:05.000000Z,0x60B038A423272609807AFB59Bfd4EdEdd8938F48,0x19e51aFD3EfA98A6E4B82D3834DE174D7a33f9B5,,IN,0,72461000000000,ok,,,0.02089,0.02091
0xa5fe15fdf5197a998dec82a2b08215b734c6e6d832e4f127a572d95fec739964,2709983,2019-07-24 12:42:45.000000Z,0x93dA5507a26090448a03FC1F77e1C7DA20A24292,0x19e51aFD3EfA98A6E4B82D3834DE174D7a33f9B5,,IN,0,33855000000000,error,Reverted,,0.02089,0.02091
0xb15e5c2289e873fc0f2834df8cbee4cfa3bfaa9f826f551f537aaa817f2c3908,2709979,2019-07-24 12:42:15.000000Z,0x93dA5507a26090448a03FC1F77e1C7DA20A24292,0x19e51aFD3EfA98A6E4B82D3834DE174D7a33f9B5,,IN,0,72461000000000,ok,,,0.02089,0.02091
0x72977208e0e90f112e0ba00d1251380721d10e6512cae644dfed0f4b1642ae97,2709955,2019-07-24 12:39:35.000000Z,0x93dA5507a26090448a03FC1F77e1C7DA20A24292,0x19e51aFD3EfA98A6E4B82D3834DE174D7a33f9B5,,IN,0,72461000000000,ok,,,0.02089,0.02091
0x699d1e60046fd3952c4d26144665bb08656ca7043a6fe922758378a51c399257,2709721,2019-07-24 12:13:35.000000Z,0x1eF319dB1930e3420fCfF90c376d9cf515B34876,0x19e51aFD3EfA98A6E4B82D3834DE174D7a33f9B5,,IN,0,87525000000000,ok,,,0.02089,0.02091
0x5c366221e272df68c9b845cbadc545f0550c3a5470e97e8ba4e273291815e40e,2708641,2019-07-24 10:13:35.000000Z,0x841C25A1b2bA723591c14636Dc13E4deeb65A79b,0x19e51aFD3EfA98A6E4B82D3834DE174D7a33f9B5,,IN,0,72461000000000,ok,,,0.02089,0.02091
0x593f252381df0eb682dc88c7d5941d2e01c42a6a9aa8ed7913b3b4531f9c63e1,2708638,2019-07-24 10:13:15.000000Z,0x841C25A1b2bA723591c14636Dc13E4deeb65A79b,0x19e51aFD3EfA98A6E4B82D3834DE174D7a33f9B5,,IN,0,72461000000000,ok,,,0.02089,0.02091
0x38a74f4630ed847890b65631c85c7f4a3588fd82600470715c2a5b0d3809acca,2707604,2019-07-24 08:18:05.000000Z,0xaA84378fA41da83a9B6523bA46E45A664FbEBFC8,0x19e51aFD3EfA98A6E4B82D3834DE174D7a33f9B5,,IN,0,2031816000000000,ok,,,0.02089,0.02091
0xe5b8a715dba06afb19ac7839a3edb8b6db4f3e122dc17920ba7e8d5400e5c87f,2647085,2019-07-19 12:24:45.000000Z,0xaA84378fA41da83a9B6523bA46E45A664FbEBFC8,0x19e51aFD3EfA98A6E4B82D3834DE174D7a33f9B5,,IN,0,137600000000000,ok,,,0.02032,0.02033
0x726d3fafafd28355d470fbeb8ca93ac07b525812e97aeb245770d8b804060469,2647030,2019-07-19 12:18:20.000000Z,0xaA84378fA41da83a9B6523bA46E45A664FbEBFC8,0x19e51aFD3EfA98A6E4B82D3834DE174D7a33f9B5,,IN,0,136366000000000,ok,,,0.02032,0.02033
0x01fdd74f65d08b8dac988883cd91b7e339b0061c36fad74158d8b68a0513e060,2647025,2019-07-19 12:17:50.000000Z,0xaA84378fA41da83a9B6523bA46E45A664FbEBFC8,0x19e51aFD3EfA98A6E4B82D3834DE174D7a33f9B5,,IN,0,135132000000000,ok,,,0.02032,0.02033
0xf43bab1fd6db42f532e6bb28144691958c1884f1e33c3e1c2b943ba3805eddca,2635848,2019-07-18 15:05:30.000000Z,0xdDdCb89201F5A24891610b033351a5408A081f98,0x19e51aFD3EfA98A6E4B82D3834DE174D7a33f9B5,,IN,0,209991000000000,ok,,,0.01978,0.02032
0xe125533c3d4a941b87d4f5461848e1e8975d17df546f0c132841cc5a60c829b4,2635844,2019-07-18 15:05:05.000000Z,0xdDdCb89201F5A24891610b033351a5408A081f98,0x19e51aFD3EfA98A6E4B82D3834DE174D7a33f9B5,,IN,0,209991000000000,ok,,,0.01978,0.02032
0x1b75e4e35dca39d2b0a69679fee7b8c185df0af39dc5791d34ca77462595cc2b,2621807,2019-07-17 13:03:45.000000Z,0xaA84378fA41da83a9B6523bA46E45A664FbEBFC8,0x19e51aFD3EfA98A6E4B82D3834DE174D7a33f9B5,,IN,0,509982000000000,ok,,,0.01866,0.01978
0xf83c6236c20cd4b7de842a8db257b3e9f314cb18ee388250256e7fe802549c34,2621805,2019-07-17 13:03:25.000000Z,0xaA84378fA41da83a9B6523bA46E45A664FbEBFC8,0x19e51aFD3EfA98A6E4B82D3834DE174D7a33f9B5,,IN,0,419982000000000,ok,,,0.01866,0.01978
0x3302d5a5f25f226a942ef5e689cfde41e85ddeb8746588c9788934e4be28996a,2526102,2019-07-09 06:03:25.000000Z,0x8De281f47B137979e55B6CEa598179737574C774,0x19e51aFD3EfA98A6E4B82D3834DE174D7a33f9B5,,IN,0,169994000000000,ok,,,0.02988,0.02865
0xc3684341613adb10fb73ea2b1b4e92eade7262e15e105e730b3f40c3bff6babd,2526090,2019-07-09 06:02:10.000000Z,0x8De281f47B137979e55B6CEa598179737574C774,0x19e51aFD3EfA98A6E4B82D3834DE174D7a33f9B5,,IN,0,200122000000000,ok,,,0.02988,0.02865
0x7f6b7d75031c89418acf1cefa0d660c9b601b476609d4dab43350f8877f555fc,2462837,2019-07-04 12:48:05.000000Z,0x9583259D41D3409a11e73addAdC399f391e7957d,0x19e51aFD3EfA98A6E4B82D3834DE174D7a33f9B5,,IN,0,84997000000000,ok,,,0.03187,0.02945
0xf48862167edd54a2e0c3f012af6054a1aacc7fb2d6b0a3db8b86281885d4a053,2462836,2019-07-04 12:48:00.000000Z,0x9583259D41D3409a11e73addAdC399f391e7957d,0x19e51aFD3EfA98A6E4B82D3834DE174D7a33f9B5,,IN,0,84997000000000,ok,,,0.03187,0.02945
0x25ecb9b14d5bb25fe28d1d74711e6390eba5d5e32ee891945f29362c9171d1d6,2461053,2019-07-04 09:31:45.000000Z,0xaA84378fA41da83a9B6523bA46E45A664FbEBFC8,0x19e51aFD3EfA98A6E4B82D3834DE174D7a33f9B5,,IN,0,3482912400000000,ok,,,0.03187,0.02945
0x28a9ef9e61a778dc884aa8b9843ff0e2b3520dc149c76e98b717ebf1d6aedfac,2460887,2019-07-04 09:13:20.000000Z,0xaA84378fA41da83a9B6523bA46E45A664FbEBFC8,0x19e51aFD3EfA98A6E4B82D3834DE174D7a33f9B5,,IN,0,287652000000000000,ok,,,0.03187,0.02945
0xa3296399c0add0af4304c8eb6e5590a8de84c8df8636cc577b2774d448e07dc2,2460778,2019-07-04 09:01:10.000000Z,0xaA84378fA41da83a9B6523bA46E45A664FbEBFC8,0x19e51aFD3EfA98A6E4B82D3834DE174D7a33f9B5,,IN,0,66949000000000000,ok,,,0.03187,0.02945
0xf529e70e154f324bb59eec5f09445a2fd256f4f5b095f136cda390a1ce91f945,2460406,2019-07-04 08:19:50.000000Z,0xaA84378fA41da83a9B6523bA46E45A664FbEBFC8,0x19e51aFD3EfA98A6E4B82D3834DE174D7a33f9B5,,IN,0,5182500000000000000,ok,,,0.03187,0.02945
0x60ef920cfab425d7c764a7adcc9333ecf2324f4dadfbaa55f1a7589881a4126c,2460394,2019-07-04 08:18:30.000000Z,0xaA84378fA41da83a9B6523bA46E45A664FbEBFC8,0x19e51aFD3EfA98A6E4B82D3834DE174D7a33f9B5,,IN,0,118319000000000000,ok,,,0.03187,0.02945
0xf7b1c7a092c567c3e28710f5ff43b1f13fb7b63668d32f816ac9d2356dea79e7,2460387,2019-07-04 08:17:45.000000Z,0xaA84378fA41da83a9B6523bA46E45A664FbEBFC8,0x19e51aFD3EfA98A6E4B82D3834DE174D7a33f9B5,,IN,0,119365000000000000,ok,,,0.03187,0.02945
0xb29ea4c8728e145e0be7dc5d46c08c9440d3afdaeec6cd419d9e80285e26f40e,2460380,2019-07-04 08:16:55.000000Z,0xaA84378fA41da83a9B6523bA46E45A664FbEBFC8,0x19e51aFD3EfA98A6E4B82D3834DE174D7a33f9B5,,IN,0,51659500000000000,ok,,,0.03187,0.02945
0x74097626729c94f5b801a9f763fdd926c7d655c8ace523c6ceb74b0cbd77425e,2460346,2019-07-04 08:13:10.000000Z,0xaA84378fA41da83a9B6523bA46E45A664FbEBFC8,0x19e51aFD3EfA98A6E4B82D3834DE174D7a33f9B5,,IN,0,118981000000000,ok,,,0.03187,0.02945
0xc3caf3af0e80756517e132f0f32f14316a60fcc65ed23e078afd1720f21f6fd4,2331943,2019-06-25 17:04:25.000000Z,0xe659bc6A60Ba2091c08F7df623BA6057349B6980,0x19e51aFD3EfA98A6E4B82D3834DE174D7a33f9B5,,IN,0,844450000000000,ok,,,0.04017,0.03956
0x7bb507a35133b1503399bea03bce65604d2ad750b39c6fc41413a207e70b90c8,2331937,2019-06-25 17:03:50.000000Z,0xe659bc6A60Ba2091c08F7df623BA6057349B6980,0x19e51aFD3EfA98A6E4B82D3834DE174D7a33f9B5,,IN,0,994450000000000,ok,,,0.04017,0.03956
0x154eee1095c3cd2d790f7e1bd7b57c6e3820028e4a638de7a5040bf165a092e0,2331934,2019-06-25 17:03:35.000000Z,0xe659bc6A60Ba2091c08F7df623BA6057349B6980,0x19e51aFD3EfA98A6E4B82D3834DE174D7a33f9B5,,IN,0,844450000000000,ok,,,0.04017,0.03956
0xc5a95a2f72c7c42892812ee788cc7319bfe47300bf17f46c1e0394a4d1d3bec2,2331931,2019-06-25 17:03:20.000000Z,0xe659bc6A60Ba2091c08F7df623BA6057349B6980,0x19e51aFD3EfA98A6E4B82D3834DE174D7a33f9B5,,IN,0,693810000000000,ok,,,0.04017,0.03956
0xb7049daa4e8a84352b3903a3f97e64cb7b93f005c77a2948220cb8ebcc199b72,2331928,2019-06-25 17:03:00.000000Z,0xe659bc6A60Ba2091c08F7df623BA6057349B6980,0x19e51aFD3EfA98A6E4B82D3834DE174D7a33f9B5,,IN,0,693810000000000,ok,,,0.04017,0.03956
0xfa3af09969583ecfd87559bf88c403f873921f31646b9d372f027edb0d2cc6c1,2132776,2019-06-12 12:43:40.000000Z,0xaA84378fA41da83a9B6523bA46E45A664FbEBFC8,0x19e51aFD3EfA98A6E4B82D3834DE174D7a33f9B5,,IN,0,337780000000000,ok,,,0.03428,0.04022
0xf0f47edd6301402d9df97eeb754cea7e67d9c562aadcee3afab3c248b5a27e52,2132770,2019-06-12 12:43:05.000000Z,0xaA84378fA41da83a9B6523bA46E45A664FbEBFC8,0x19e51aFD3EfA98A6E4B82D3834DE174D7a33f9B5,,IN,0,337780000000000,ok,,,0.03428,0.04022
0x3cb0c67575fc0b7bac653e010ac94b4affd436a0f63f53d6672ff8fcd392dece,2132761,2019-06-12 12:42:15.000000Z,0xaA84378fA41da83a9B6523bA46E45A664FbEBFC8,0x19e51aFD3EfA98A6E4B82D3834DE174D7a33f9B5,,IN,0,277524000000000,ok,,,0.03428,0.04022
0xfb16b61b006f1c91b7a842e038b8e8f44bee8c7c76f15c0ffe3860de5cfa423d,2132734,2019-06-12 12:39:40.000000Z,0xaA84378fA41da83a9B6523bA46E45A664FbEBFC8,0x19e51aFD3EfA98A6E4B82D3834DE174D7a33f9B5,,IN,0,277524000000000,ok,,,0.03428,0.04022
0xf90e29f7b07246c58440240c897e3b54fac07f4d9276157d6cc47e97ecd04d8d,2132729,2019-06-12 12:39:10.000000Z,0xaA84378fA41da83a9B6523bA46E45A664FbEBFC8,0x19e51aFD3EfA98A6E4B82D3834DE174D7a33f9B5,,IN,0,123100000000000,error,Reverted,,0.03428,0.04022
0xc301e73c05164404e72115261463ff2919968d836d51e8d2cbb11bbcee523a30,2132721,2019-06-12 12:38:25.000000Z,0xaA84378fA41da83a9B6523bA46E45A664FbEBFC8,0x19e51aFD3EfA98A6E4B82D3834DE174D7a33f9B5,,IN,0,277524000000000,ok,,,0.03428,0.04022
0x5254784bd13bdf8faefa2f001555c791a2fb76d79c9d72e13578d0db480b45c7,2028429,2019-06-05 01:58:55.000000Z,0x8De281f47B137979e55B6CEa598179737574C774,0x19e51aFD3EfA98A6E4B82D3834DE174D7a33f9B5,,IN,0,416286000000000,ok,,,0.03202,0.03226
0xef1f6bddcbfb83460714942bdd0c91ac6794ae4bbc9e7fae4d58a3fa661ff49e,2028421,2019-06-05 01:58:10.000000Z,0x8De281f47B137979e55B6CEa598179737574C774,0x19e51aFD3EfA98A6E4B82D3834DE174D7a33f9B5,,IN,0,416286000000000,ok,,,0.03202,0.03226
0x84ed9bbb64162c608bb5de1637bea3da30a60d4cb8c65470603165f707345a26,2028396,2019-06-05 01:55:45.000000Z,0x8De281f47B137979e55B6CEa598179737574C774,0x19e51aFD3EfA98A6E4B82D3834DE174D7a33f9B5,,IN,0,416286000000000,ok,,,0.03202,0.03226
0x753d42f9381d61df1d4d0c63e8fc4f88ec526652dd442dcb4a4ef200f9f67169,2028391,2019-06-05 01:55:20.000000Z,0x8De281f47B137979e55B6CEa598179737574C774,0x19e51aFD3EfA98A6E4B82D3834DE174D7a33f9B5,,IN,0,506286000000000,ok,,,0.03202,0.03226
0x53d87df4ac2331a77679713b82fd331283518a39a41a8d8de396948c68a2cf74,2028383,2019-06-05 01:54:30.000000Z,0x8De281f47B137979e55B6CEa598179737574C774,0x19e51aFD3EfA98A6E4B82D3834DE174D7a33f9B5,,IN,0,506670000000000,ok,,,0.03202,0.03226
0xf8b191904a31adc5c3945a9ed15e176dcc183ff7d116b16c09d1b5ac95ac8525,2018700,2019-06-04 10:31:35.000000Z,0x1eF319dB1930e3420fCfF90c376d9cf515B34876,0x19e51aFD3EfA98A6E4B82D3834DE174D7a33f9B5,,IN,0,114445000000000,ok,,,0.03497,0.03202
0xb60c049dac9954fbcd5aba9a7f5ce40ae54f3d275d0a73c0352a18aaf81c87e2,2018695,2019-06-04 10:31:05.000000Z,0x1eF319dB1930e3420fCfF90c376d9cf515B34876,0x19e51aFD3EfA98A6E4B82D3834DE174D7a33f9B5,,IN,0,114445000000000,ok,,,0.03497,0.03202
0x0d5c0339c5907b13e9d99caf53de805eac15b10b406c8ece2dbf9684c0e4157e,2018691,2019-06-04 10:30:45.000000Z,0x1eF319dB1930e3420fCfF90c376d9cf515B34876,0x19e51aFD3EfA98A6E4B82D3834DE174D7a33f9B5,,IN,0,99381000000000,ok,,,0.03497,0.03202
0xa9f9be1fc799efaf495933319597fc7ec4387b92753846d1a6871285185f745e,2018686,2019-06-04 10:30:15.000000Z,0x1eF319dB1930e3420fCfF90c376d9cf515B34876,0x19e51aFD3EfA98A6E4B82D3834DE174D7a33f9B5,,IN,0,99381000000000,ok,,,0.03497,0.03202
0xa3845d75cb43d8bc02d6a9ec5840e9ab969ff2b75c2f82d47a89af819bb41312,2018646,2019-06-04 10:26:00.000000Z,0x1eF319dB1930e3420fCfF90c376d9cf515B34876,0x19e51aFD3EfA98A6E4B82D3834DE174D7a33f9B5,,IN,0,99381000000000,ok,,,0.03497,0.03202
0x498d101127087c3b7a0dfaf1659ba0d2507acb3304954662e90723e54ce10286,2017625,2019-06-04 08:48:45.000000Z,0xaA84378fA41da83a9B6523bA46E45A664FbEBFC8,0x19e51aFD3EfA98A6E4B82D3834DE174D7a33f9B5,,IN,0,13266400000000000,ok,,,0.03497,0.03202
0xdd693533da336ba632d323aec5400a36ce34866ef3b13ff1a6a1425f86f73d32,2017609,2019-06-04 08:47:10.000000Z,0xaA84378fA41da83a9B6523bA46E45A664FbEBFC8,0x19e51aFD3EfA98A6E4B82D3834DE174D7a33f9B5,,IN,0,80957000000000,ok,,,0.03497,0.03202
0xd8fd121ea0bfebd16eeaade159994cb073c1b5c38df8d28864589db0ca5aae44,2017603,2019-06-04 08:46:40.000000Z,0xaA84378fA41da83a9B6523bA46E45A664FbEBFC8,0x19e51aFD3EfA98A6E4B82D3834DE174D7a33f9B5,,IN,0,1606800000000000,ok,,,0.03497,0.03202
0xdc4b40639608f18d622e7049c67d7cd0675e6cc2545d9e1c02e434c9552256bf,2017595,2019-06-04 08:45:50.000000Z,0xaA84378fA41da83a9B6523bA46E45A664FbEBFC8,0x19e51aFD3EfA98A6E4B82D3834DE174D7a33f9B5,,IN,0,79723000000000,ok,,,0.03497,0.03202
0x7886c9d1fbad8125c4741418c65173e0c3167ce31183fa0c5367a9869d1222db,2017580,2019-06-04 08:44:25.000000Z,0xaA84378fA41da83a9B6523bA46E45A664FbEBFC8,0x19e51aFD3EfA98A6E4B82D3834DE174D7a33f9B5,,IN,0,79106000000000,ok,,,0.03497,0.03202
0xb31e1efa3c497f7a9129cfcd404e45e5ff9ebc8ec0bdd7e826a83993f172f8f3,2017576,2019-06-04 08:44:05.000000Z,0xaA84378fA41da83a9B6523bA46E45A664FbEBFC8,0x19e51aFD3EfA98A6E4B82D3834DE174D7a33f9B5,,IN,0,78489000000000,ok,,,0.03497,0.03202
0x44ee6e7ad1349badadcf310e2dd7877eb9b0c82cfc15622454acdc89bdd03e6d,2017567,2019-06-04 08:43:10.000000Z,0xaA84378fA41da83a9B6523bA46E45A664FbEBFC8,0x19e51aFD3EfA98A6E4B82D3834DE174D7a33f9B5,,IN,0,77872000000000,ok,,,0.03497,0.03202
0x598e1f97693a739179b11977625cb4eefe9d4e0762a4d41b678ec77c99997fe7,2017553,2019-06-04 08:41:50.000000Z,0xaA84378fA41da83a9B6523bA46E45A664FbEBFC8,0x19e51aFD3EfA98A6E4B82D3834DE174D7a33f9B5,,IN,0,77255000000000,ok,,,0.03497,0.03202
0x0c11a73066a53f825f7e9028a8aaf1596414d751a14ac21809e91726c39a0833,2017547,2019-06-04 08:41:20.000000Z,0xaA84378fA41da83a9B6523bA46E45A664FbEBFC8,0x19e51aFD3EfA98A6E4B82D3834DE174D7a33f9B5,,IN,0,76638000000000,ok,,,0.03497,0.03202
0xa099bb90d4f55807b480e9f09ea240ed2ea6123c570f830af03335f0f54e8730,2017541,2019-06-04 08:40:45.000000Z,0xaA84378fA41da83a9B6523bA46E45A664FbEBFC8,0x19e51aFD3EfA98A6E4B82D3834DE174D7a33f9B5,,IN,0,76021000000000,ok,,,0.03497,0.03202
0x021d13c42d3049d1a27279cc5ab2d606057c2e8f0a5ceaada89b5319671c984c,2017351,2019-06-04 08:22:40.000000Z,0xaA84378fA41da83a9B6523bA46E45A664FbEBFC8,0x19e51aFD3EfA98A6E4B82D3834DE174D7a33f9B5,,IN,0,75404000000000,ok,,,0.03497,0.03202
0x689afd8909f724688155ae0b532c3d50f75a0a6cae0a4f381f4fae1c8c70813d,2017112,2019-06-04 07:59:50.000000Z,0xaA84378fA41da83a9B6523bA46E45A664FbEBFC8,0x19e51aFD3EfA98A6E4B82D3834DE174D7a33f9B5,,IN,0,57453600000000000,ok,,,0.03497,0.03202
0x3588c81277d3b6f2ad1dc66ef81cde0e9f8cb55b80f4c46d2726b07a757f3e72,2017042,2019-06-04 07:53:10.000000Z,0xaA84378fA41da83a9B6523bA46E45A664FbEBFC8,0x19e51aFD3EfA98A6E4B82D3834DE174D7a33f9B5,,IN,0,66316000000000000,ok,,,0.03497,0.03202
0x2d8dda60f3cdc4978f187b7efdc515e4e5b0b59b69f12cc814a04e1f5fbd9102,2017013,2019-06-04 07:50:25.000000Z,0xaA84378fA41da83a9B6523bA46E45A664FbEBFC8,0x19e51aFD3EfA98A6E4B82D3834DE174D7a33f9B5,,IN,0,57645600000000000,ok,,,0.03497,0.03202
0x6d9ff759a4d51e7e64d9c8f21043470516499b37d9b9386f3aef977aba4fca21,2017001,2019-06-04 07:49:20.000000Z,0xaA84378fA41da83a9B6523bA46E45A664FbEBFC8,0x19e51aFD3EfA98A6E4B82D3834DE174D7a33f9B5,,IN,0,61840000000000000,ok,,,0.03497,0.03202
0x7b73b488236bf798aad39c327301c45f1c0fa069ab89c15c1d0b09e6f590fdd1,2016894,2019-06-04 07:39:05.000000Z,0xaA84378fA41da83a9B6523bA46E45A664FbEBFC8,0x19e51aFD3EfA98A6E4B82D3834DE174D7a33f9B5,,IN,0,69405600000000000,ok,,,0.03497,0.03202
0xb9b2c65283cf3e908481fec30fddcbc8d6821a3cded292a5962ab7f99ea6557e,2005311,2019-06-03 13:15:50.000000Z,0xaA84378fA41da83a9B6523bA46E45A664FbEBFC8,,0x19e51aFD3EfA98A6E4B82D3834DE174D7a33f9B5,,0,2539883000000000,ok,,,0.03845,0.03497
0x9e1fed4b788142968a352253d9464d546a24b8091c720a544f8849afcb54c066,4374351,2019-12-17 13:21:55.000000Z,0xe659bc6A60Ba2091c08F7df623BA6057349B6980,0x19e51aFD3EfA98A6E4B82D3834DE174D7a33f9B5,,IN,0,76773000000000,ok,,,0.01255,0.01102
0x8a2af51142ed000a20b9b31a2e3f67d570a09c035fa61ecf12ee94b205f65e12,4363088,2019-12-16 14:58:05.000000Z,0xF0f659e9ec6B4358A8d7FbA6a0CA79bAADe10552,0x19e51aFD3EfA98A6E4B82D3834DE174D7a33f9B5,,IN,0,76773000000000,ok,,,0.01298,0.01255
0xe4af111f8d3df536e17962a382b528ea145c1e475d6cbdfd544ff29133be06e3,4363028,2019-12-16 14:51:00.000000Z,0xF0f659e9ec6B4358A8d7FbA6a0CA79bAADe10552,0x19e51aFD3EfA98A6E4B82D3834DE174D7a33f9B5,,IN,0,76773000000000,ok,,,0.01298,0.01255
0xba490f11a4a144c90de5a554fbd4a842ed25622de2d51078ed61845dbfc33044,4363022,2019-12-16 14:50:05.000000Z,0xF0f659e9ec6B4358A8d7FbA6a0CA79bAADe10552,0x19e51aFD3EfA98A6E4B82D3834DE174D7a33f9B5,,IN,0,76773000000000,ok,,,0.01298,0.01255
0x8b81e1c669ce3dc6c02260253f9f737b52a32af2d4f354de413c36d4c6ea7c13,4362231,2019-12-16 13:16:05.000000Z,0xaA84378fA41da83a9B6523bA46E45A664FbEBFC8,0x19e51aFD3EfA98A6E4B82D3834DE174D7a33f9B5,,IN,0,73736000000000,ok,,,0.01298,0.01255
0xae9e8a3b2a0574f35b8517b8abee9a1f93231278b29d0081248ff90ba574a97f,4318936,2019-12-12 14:16:25.000000Z,0xdDdCb89201F5A24891610b033351a5408A081f98,0x19e51aFD3EfA98A6E4B82D3834DE174D7a33f9B5,,IN,0,37551000000000,error,Reverted,,0.01349,0.01367
0x5ae3c02564555bb101a78dee75d32ff826fb790b730c027e0ef1a1dcf3210824,4318935,2019-12-12 14:16:15.000000Z,0xdDdCb89201F5A24891610b033351a5408A081f98,0x19e51aFD3EfA98A6E4B82D3834DE174D7a33f9B5,,IN,0,76157000000000,ok,,,0.01349,0.01367
0x8659d58dcf2cd20a8a54459512ce6087158f3083d59545e2d4924673559ff310,4318895,2019-12-12 14:10:45.000000Z,0xdDdCb89201F5A24891610b033351a5408A081f98,0x19e51aFD3EfA98A6E4B82D3834DE174D7a33f9B5,,IN,0,37551000000000,error,Reverted,,0.01349,0.01367
0x15e347895b7a292522184e7502e9492a77ee2a5c4bb6526859c8cdfd098b650c,4318894,2019-12-12 14:10:40.000000Z,0xdDdCb89201F5A24891610b033351a5408A081f98,0x19e51aFD3EfA98A6E4B82D3834DE174D7a33f9B5,,IN,0,37551000000000,error,Reverted,,0.01349,0.01367
0xf8fb297caf3413e98b115d3f202a9e1ab168bf54bf050389aaf5e9154af49f3a,4318883,2019-12-12 14:09:10.000000Z,0xdDdCb89201F5A24891610b033351a5408A081f98,0x19e51aFD3EfA98A6E4B82D3834DE174D7a33f9B5,,IN,0,37551000000000,error,Reverted,,0.01349,0.01367
0x2d923c675c684b2599d31ddae1a98c4384c2e8189e05cc30b69c729ab0aa5b06,4318882,2019-12-12 14:09:05.000000Z,0xdDdCb89201F5A24891610b033351a5408A081f98,0x19e51aFD3EfA98A6E4B82D3834DE174D7a33f9B5,,IN,0,76157000000000,ok,,,0.01349,0.01367
0xdce123bad569a46933c5720bc6cba81c57b4c7ee56a4772b869b84e7b036a168,4318865,2019-12-12 14:07:00.000000Z,0xdDdCb89201F5A24891610b033351a5408A081f98,0x19e51aFD3EfA98A6E4B82D3834DE174D7a33f9B5,,IN,0,76157000000000,ok,,,0.01349,0.01367
0x3bfa7b3927264e3c754efc87000d805f842f0d4ce4f7e60d876e6027009116f8,4285091,2019-12-09 11:47:55.000000Z,0xc463396d13C115A443c1989b883823FA538371e5,0x19e51aFD3EfA98A6E4B82D3834DE174D7a33f9B5,,IN,0,37551000000000,error,Reverted,,0.01561,0.01559
0x889c38b8bbef87893e63d6c6efd40d1b2b08f2630ee22249c342e9346f5da19f,4285090,2019-12-09 11:47:45.000000Z,0xc463396d13C115A443c1989b883823FA538371e5,0x19e51aFD3EfA98A6E4B82D3834DE174D7a33f9B5,,IN,0,76157000000000,ok,,,0.01561,0.01559
0x1afce044d36f5143927588aeb7969cf116481787f3b847eff1d795779d077141,4285090,2019-12-09 11:47:45.000000Z,0xc463396d13C115A443c1989b883823FA538371e5,0x19e51aFD3EfA98A6E4B82D3834DE174D7a33f9B5,,IN,0,76157000000000,ok,,,0.01561,0.01559
0xde00f230ed96935b1aeafd3cfe02d1e267064dd4adaf1aad6308fcd3d4150548,4285089,2019-12-09 11:47:20.000000Z,0xc463396d13C115A443c1989b883823FA538371e5,0x19e51aFD3EfA98A6E4B82D3834DE174D7a33f9B5,,IN,0,76157000000000,ok,,,0.01561,0.01559
0xf972e04759da1386c5d8b46968372ca676a4a32564b1f37526f399f2684b24c2,4283542,2019-12-09 08:23:05.000000Z,0x738e6E88d4415E2e5075e15CC24FD9416F1c89C3,0x19e51aFD3EfA98A6E4B82D3834DE174D7a33f9B5,,IN,0,76157000000000,ok,,,0.01561,0.01559
0xe0e0ebc8fc9ff6e2e31865f2fd707f2230170c2b6008bfcb2a57eb425eda1abd,4250944,2019-12-06 10:38:45.000000Z,0xaA84378fA41da83a9B6523bA46E45A664FbEBFC8,0x19e51aFD3EfA98A6E4B82D3834DE174D7a33f9B5,,IN,0,73055000000000,ok,,,0.01422,0.01409
0xe5456d25d193022c896ee200bfe15e5a1a2faea54dd298d4550e633acbfbbc4f,4229829,2019-12-04 14:33:50.000000Z,0x9583259D41D3409a11e73addAdC399f391e7957d,0x19e51aFD3EfA98A6E4B82D3834DE174D7a33f9B5,,IN,0,75541000000000,ok,,,0.01423,0.0139
0xdce22d6b26a531f6ee226aed626d119ebc2319a524280b923d7cbc0634f94016,4229828,2019-12-04 14:33:25.000000Z,0x9583259D41D3409a11e73addAdC399f391e7957d,0x19e51aFD3EfA98A6E4B82D3834DE174D7a33f9B5,,IN,0,75541000000000,ok,,,0.01423,0.0139
0x5dc6a125cc357438b5e1ea4638d7fa8b6559cb84e2cd52552048c90ad4ce3e58,4228231,2019-12-04 10:49:20.000000Z,0x738e6E88d4415E2e5075e15CC24FD9416F1c89C3,0x19e51aFD3EfA98A6E4B82D3834DE174D7a33f9B5,,IN,0,604328000000000,ok,,,0.01423,0.0139
0xd909ffdf7f44b8701783cd72add13e8fdc51b8acf3d14661006c44e13cf49eb5,4228206,2019-12-04 10:45:50.000000Z,0x738e6E88d4415E2e5075e15CC24FD9416F1c89C3,0x19e51aFD3EfA98A6E4B82D3834DE174D7a33f9B5,,IN,0,604328000000000,ok,,,0.01423,0.0139
0x80817fb73ae38aed81e9166273f420a967c326ce57fb7e9c6e41942473ec7b52,4227626,2019-12-04 09:29:20.000000Z,0xaA84378fA41da83a9B6523bA46E45A664FbEBFC8,0x19e51aFD3EfA98A6E4B82D3834DE174D7a33f9B5,,IN,0,570972000000000,ok,,,0.01423,0.0139
0xfaa91f56b23f78112eccdb55481c13c5ebe4e083e74e0abeeac0cfc331cf95a4,4227390,2019-12-04 08:58:40.000000Z,0xaA84378fA41da83a9B6523bA46E45A664FbEBFC8,0x19e51aFD3EfA98A6E4B82D3834DE174D7a33f9B5,,IN,0,72502000000000,ok,,,0.01423,0.0139
0xaaf8a83af6deb29d94e316b2ff1f29b074d075f12494d1493c35c592b2e47b02,4219314,2019-12-03 16:09:00.000000Z,0x9583259D41D3409a11e73addAdC399f391e7957d,0x19e51aFD3EfA98A6E4B82D3834DE174D7a33f9B5,,IN,0,74925000000000,ok,,,0.0142,0.01434
0x1e6f3c266e99f9551be77ba7ad5918b436cca5c00222366e0eb7f5a271146f7c,4206477,2019-12-02 11:24:50.000000Z,0x60B038A423272609807AFB59Bfd4EdEdd8938F48,0x19e51aFD3EfA98A6E4B82D3834DE174D7a33f9B5,,IN,0,104925000000000,ok,,,0.01432,0.0142
0x6273e73ff6e98416e4b4ddad41c5ab41ae20ff387d65d2d9549eeccd089b4bbb,4206471,2019-12-02 11:24:00.000000Z,0x60B038A423272609807AFB59Bfd4EdEdd8938F48,0x19e51aFD3EfA98A6E4B82D3834DE174D7a33f9B5,,IN,0,419700000000000,ok,,,0.01432,0.0142
0x3086e33ce4feb78cb2e08902f6f0c37da6ec969b7a665ec8cff9e034ed9e2211,4206471,2019-12-02 11:24:00.000000Z,0x60B038A423272609807AFB59Bfd4EdEdd8938F48,0x19e51aFD3EfA98A6E4B82D3834DE174D7a33f9B5,,IN,0,419700000000000,ok,,,0.01432,0.0142
0x9e38aa16759001610963c02f108645efba796b3d30bcbbbd6519fadb5c88b322,4205567,2019-12-02 09:20:35.000000Z,0xaA84378fA41da83a9B6523bA46E45A664FbEBFC8,0x19e51aFD3EfA98A6E4B82D3834DE174D7a33f9B5,,IN,0,3104800000000000,ok,,,0.01432,0.0142
0x4df9e12c4501139eaf1e3cf480b891b44fadfce0fa8318980cdc539c90e521a2,4205553,2019-12-02 09:18:50.000000Z,0xaA84378fA41da83a9B6523bA46E45A664FbEBFC8,0x19e51aFD3EfA98A6E4B82D3834DE174D7a33f9B5,,IN,0,2877160000000000,ok,,,0.01432,0.0142
0x19ec4ddd3cc9bb295f9c2a00484ebeab5fb9f383780aa699f405fdd38c6e65c1,4205536,2019-12-02 09:16:30.000000Z,0xaA84378fA41da83a9B6523bA46E45A664FbEBFC8,0x19e51aFD3EfA98A6E4B82D3834DE174D7a33f9B5,,IN,0,2880360000000000,ok,,,0.01432,0.0142
0x31e2ac5000a09a71dedabbfa4105e52a226f6eede74b959a7f80d438b3b59761,4205484,2019-12-02 09:09:20.000000Z,0xaA84378fA41da83a9B6523bA46E45A664FbEBFC8,0x19e51aFD3EfA98A6E4B82D3834DE174D7a33f9B5,,IN,0,132991000000000,ok,,,0.01432,0.0142
0xcd5528c1182dc18531d85aac0ce2dea6a2dedba2e4e0f518efc6d6b53db968e2,4205483,2019-12-02 09:09:15.000000Z,0xaA84378fA41da83a9B6523bA46E45A664FbEBFC8,0x19e51aFD3EfA98A6E4B82D3834DE174D7a33f9B5,,IN,0,132991000000000,ok,,,0.01432,0.0142
0xf3f6d56e9cf407a9969a1343598b8a5eace96993d3df91715da1ed45c4ce3703,4205481,2019-12-02 09:09:00.000000Z,0xaA84378fA41da83a9B6523bA46E45A664FbEBFC8,0x19e51aFD3EfA98A6E4B82D3834DE174D7a33f9B5,,IN,0,138455000000000,ok,,,0.01432,0.0142
0x12467d8fdba47f24c301a2e3b2ea55ebd9e1972cdbc4840f07d187871830f7c4,4205481,2019-12-02 09:09:00.000000Z,0xaA84378fA41da83a9B6523bA46E45A664FbEBFC8,0x19e51aFD3EfA98A6E4B82D3834DE174D7a33f9B5,,IN,0,138455000000000,ok,,,0.01432,0.0142
0xb739bb807590217d1eb77afe5e2312b58c008f0d63d3afe882f5c4ff3074ea97,4205410,2019-12-02 08:59:20.000000Z,0xaA84378fA41da83a9B6523bA46E45A664FbEBFC8,0x19e51aFD3EfA98A6E4B82D3834DE174D7a33f9B5,,IN,0,1384550000000000,ok,,,0.01432,0.0142
0xb3539e18e7d9918ab9ca5254497ee775de10a38fd35df8a355a3485833a87b1e,4177167,2019-11-29 16:46:55.000000Z,0x841C25A1b2bA723591c14636Dc13E4deeb65A79b,0x19e51aFD3EfA98A6E4B82D3834DE174D7a33f9B5,,IN,0,599400000000000,ok,,,0.01474,0.01569
0xd5358b3444734625b8d7b8b55b38a0b9a28596f102d80caf883280128a4ef832,4177166,2019-11-29 16:46:50.000000Z,0x841C25A1b2bA723591c14636Dc13E4deeb65A79b,0x19e51aFD3EfA98A6E4B82D3834DE174D7a33f9B5,,IN,0,599400000000000,ok,,,0.01474,0.01569
0x1f2ed6e0dfbf08e8404ea167a585ccceed7d69ac61d1597c41dc22b6c6c8b5e8,4177165,2019-11-29 16:46:45.000000Z,0x841C25A1b2bA723591c14636Dc13E4deeb65A79b,0x19e51aFD3EfA98A6E4B82D3834DE174D7a33f9B5,,IN,0,599400000000000,ok,,,0.01474,0.01569
0xd1d8f19851600ee84f4cf639b44978b30ac32eb849290887b5e1526eed1739f8,4177164,2019-11-29 16:46:35.000000Z,0x841C25A1b2bA723591c14636Dc13E4deeb65A79b,0x19e51aFD3EfA98A6E4B82D3834DE174D7a33f9B5,,IN,0,599400000000000,ok,,,0.01474,0.01569
0x6b715a26da0d58c535f9de1395de3b6ece9d3a0b45d38faec05cd521555ea28c,4177163,2019-11-29 16:46:30.000000Z,0x841C25A1b2bA723591c14636Dc13E4deeb65A79b,0x19e51aFD3EfA98A6E4B82D3834DE174D7a33f9B5,,IN,0,599400000000000,ok,,,0.01474,0.01569
0x17bd703486f5dff22d00e2cec3ea05eee948f0613e565dbd799ff0f71ca5cf97,4173912,2019-11-29 09:24:50.000000Z,0x60B038A423272609807AFB59Bfd4EdEdd8938F48,0x19e51aFD3EfA98A6E4B82D3834DE174D7a33f9B5,,IN,0,74925000000000,ok,,,0.01474,0.01569
0x4f5a235719284211714b342efa35f5ce96273ef288feb16e92c0dc1147d50ec6,4173905,2019-11-29 09:23:50.000000Z,0x60B038A423272609807AFB59Bfd4EdEdd8938F48,0x19e51aFD3EfA98A6E4B82D3834DE174D7a33f9B5,,IN,0,74925000000000,ok,,,0.01474,0.01569
0xc452176d97323d166ddd04cb6e260e1fdcf5766d4bbf18dc72100b84fdf2c3d8,4173878,2019-11-29 09:20:30.000000Z,0x60B038A423272609807AFB59Bfd4EdEdd8938F48,0x19e51aFD3EfA98A6E4B82D3834DE174D7a33f9B5,,IN,0,74925000000000,ok,,,0.01474,0.01569
0x101d68395c33f5ff37afcdd6b61c20d1bb44e9d1a9456502e6570525ab553cec,4173876,2019-11-29 09:20:20.000000Z,0x60B038A423272609807AFB59Bfd4EdEdd8938F48,0x19e51aFD3EfA98A6E4B82D3834DE174D7a33f9B5,,IN,0,74925000000000,ok,,,0.01474,0.01569
0xc8acc7e712cb42fbb3147ce6132690482143048f2094011397c6056bf3811ae0,4173871,2019-11-29 09:19:35.000000Z,0x60B038A423272609807AFB59Bfd4EdEdd8938F48,0x19e51aFD3EfA98A6E4B82D3834DE174D7a33f9B5,,IN,0,74925000000000,ok,,,0.01474,0.01569
0xe5ecb39d25093ce317cf9513c7d58713412b5af4eb7166e93d1a8c5f80351ceb,4153331,2019-11-27 14:19:20.000000Z,0xaA84378fA41da83a9B6523bA46E45A664FbEBFC8,0x19e51aFD3EfA98A6E4B82D3834DE174D7a33f9B5,,IN,0,749250000000000,ok,,,0.01491,0.01454
0x437b82239656165c6c5db751ff39078fbc52b2aeb26e27aec1b04f861728c861,4153319,2019-11-27 14:17:50.000000Z,0xaA84378fA41da83a9B6523bA46E45A664FbEBFC8,0x19e51aFD3EfA98A6E4B82D3834DE174D7a33f9B5,,IN,0,74925000000000,ok,,,0.01491,0.01454
0x637e66f84f67ece29507a0eff3c6c4adf9d3156b294f9b69eccacfe8f503ffb5,4153315,2019-11-27 14:17:25.000000Z,0xaA84378fA41da83a9B6523bA46E45A664FbEBFC8,0x19e51aFD3EfA98A6E4B82D3834DE174D7a33f9B5,,IN,0,74925000000000,ok,,,0.01491,0.01454
0x2ceb50b646c31d0f55facbd5ee23451ed3a6023658fccc0c73c4614423f7f28f,4153300,2019-11-27 14:15:25.000000Z,0xaA84378fA41da83a9B6523bA46E45A664FbEBFC8,0x19e51aFD3EfA98A6E4B82D3834DE174D7a33f9B5,,IN,0,36319000000000,error,Reverted,,0.01491,0.01454
0x2e4e6856aa2bc55ddb818290f2ddaedfb007e212b70a019c0fe2ec91ecfc083b,4153298,2019-11-27 14:15:15.000000Z,0xaA84378fA41da83a9B6523bA46E45A664FbEBFC8,0x19e51aFD3EfA98A6E4B82D3834DE174D7a33f9B5,,IN,0,74925000000000,ok,,,0.01491,0.01454
0xfe2fba47f64af8fb900bc9b5d7e37fe17eab20f4a4bf038a88be0a2b26bd58be,4153292,2019-11-27 14:14:30.000000Z,0xaA84378fA41da83a9B6523bA46E45A664FbEBFC8,0x19e51aFD3EfA98A6E4B82D3834DE174D7a33f9B5,,IN,0,36319000000000,error,Reverted,,0.01491,0.01454
0xc9de60334db545447846934b7c4dc7a0abcdbb2ca97429c4e991834b3da07d48,4153291,2019-11-27 14:14:25.000000Z,0xaA84378fA41da83a9B6523bA46E45A664FbEBFC8,0x19e51aFD3EfA98A6E4B82D3834DE174D7a33f9B5,,IN,0,74925000000000,ok,,,0.01491,0.01454
0x1878452405b7e9bd38f94c8d747af722b382f4be4e28d595d6db6f5f5811ee8c,4152826,2019-11-27 13:16:05.000000Z,0xe659bc6A60Ba2091c08F7df623BA6057349B6980,0x19e51aFD3EfA98A6E4B82D3834DE174D7a33f9B5,,IN,0,74925000000000,ok,,,0.01491,0.01454
0x61e5e73a0cd48c40a586cb242d82cd489af66dbd954658ad81a01f35bc65d5d1,4152824,2019-11-27 13:15:55.000000Z,0xe659bc6A60Ba2091c08F7df623BA6057349B6980,0x19e51aFD3EfA98A6E4B82D3834DE174D7a33f9B5,,IN,0,74925000000000,ok,,,0.01491,0.01454
0xf3e38823ae9fad07d7bccfbeac66e19c1c2403bd07d1c2c7e2a521801530aa64,4152823,2019-11-27 13:15:50.000000Z,0xe659bc6A60Ba2091c08F7df623BA6057349B6980,0x19e51aFD3EfA98A6E4B82D3834DE174D7a33f9B5,,IN,0,74925000000000,ok,,,0.01491,0.01454
0x253fa8b8a51369bdcf71bc714cb97ecfc43a2673e944e520a1be06dd33a0e9cd,4152823,2019-11-27 13:15:50.000000Z,0xe659bc6A60Ba2091c08F7df623BA6057349B6980,0x19e51aFD3EfA98A6E4B82D3834DE174D7a33f9B5,,IN,0,74925000000000,ok,,,0.01491,0.01454
0x5556a592e2dd0f411dafc54b42492a08ca535989b944edb05000420953c05579,4152823,2019-11-27 13:15:50.000000Z,0xe659bc6A60Ba2091c08F7df623BA6057349B6980,0x19e51aFD3EfA98A6E4B82D3834DE174D7a33f9B5,,IN,0,74925000000000,ok,,,0.01491,0.01454
0xc3b299c7c8d1f5457cfaf89f5a89a4b23372ce9e06203b6a8af832efd745e193,4150145,2019-11-27 07:38:20.000000Z,0x1eF319dB1930e3420fCfF90c376d9cf515B34876,0x19e51aFD3EfA98A6E4B82D3834DE174D7a33f9B5,,IN,0,74925000000000,ok,,,0.01491,0.01454
0x84df9d75a4c496f08a04a27d5c2156949420a950d89837e9e202403172916cef,4150140,2019-11-27 07:37:30.000000Z,0x1eF319dB1930e3420fCfF90c376d9cf515B34876,0x19e51aFD3EfA98A6E4B82D3834DE174D7a33f9B5,,IN,0,74925000000000,ok,,,0.01491,0.01454
0xe2d2369fd608b13ef3019115b9633f8dd6ed4a887836fd186380101c844fa07d,4150120,2019-11-27 07:34:55.000000Z,0x1eF319dB1930e3420fCfF90c376d9cf515B34876,0x19e51aFD3EfA98A6E4B82D3834DE174D7a33f9B5,,IN,0,74925000000000,ok,,,0.01491,0.01454
0x7065a6e3cba1192d00de0561cce60c4e234eff1e06af9b9853b3614b5208a66e,4150099,2019-11-27 07:32:20.000000Z,0x1eF319dB1930e3420fCfF90c376d9cf515B34876,0x19e51aFD3EfA98A6E4B82D3834DE174D7a33f9B5,,IN,0,74925000000000,ok,,,0.01491,0.01454
0xd8af3b143e77781ed1b16b16d61915f3f7e1045d2fdcf4467a0dab9cbd5ddbb2,4150083,2019-11-27 07:30:15.000000Z,0x1eF319dB1930e3420fCfF90c376d9cf515B34876,0x19e51aFD3EfA98A6E4B82D3834DE174D7a33f9B5,,IN,0,74925000000000,ok,,,0.01491,0.01454
0x98ab17ac591518cb1b515a40a134133bc29bc77e0b2eaf6ef7d3efef565b0da8,4074822,2019-11-20 09:22:10.000000Z,0xaA84378fA41da83a9B6523bA46E45A664FbEBFC8,0x19e51aFD3EfA98A6E4B82D3834DE174D7a33f9B5,,IN,0,71821000000000,ok,,,0.0158,0.01595
0x8991b71529a2a982b2f8ac3727ff9a1d510177cd5418922c8a91494987131efd,4074803,2019-11-20 09:19:50.000000Z,0xaA84378fA41da83a9B6523bA46E45A664FbEBFC8,0x19e51aFD3EfA98A6E4B82D3834DE174D7a33f9B5,,IN,0,71268000000000,ok,,,0.0158,0.01595
0x6751c2ebc11d073ca23e985e1f2640b4c6f150f8fb451b1e60b766534c36ba5f,4052018,2019-11-18 15:34:15.000000Z,0x8De281f47B137979e55B6CEa598179737574C774,0x19e51aFD3EfA98A6E4B82D3834DE174D7a33f9B5,,IN,0,442158000000000,ok,,,0.01634,0.01621
0xb8d05dd6d49f426b52968551b0184d08402d3a7e0cab530bc5e3ffaac6723772,4052017,2019-11-18 15:34:10.000000Z,0x8De281f47B137979e55B6CEa598179737574C774,0x19e51aFD3EfA98A6E4B82D3834DE174D7a33f9B5,,IN,0,442158000000000,ok,,,0.01634,0.01621
0xa39540ef97a5e10c8f8a71641821e1f2d08975d2d78a9db850eedf570bb691e5,4052013,2019-11-18 15:33:40.000000Z,0x8De281f47B137979e55B6CEa598179737574C774,0x19e51aFD3EfA98A6E4B82D3834DE174D7a33f9B5,,IN,0,442158000000000,ok,,,0.01634,0.01621
0xef39ee956c9525976a2e65dd04c3f746fd0b455703aed91a5108594584037c16,4052011,2019-11-18 15:33:25.000000Z,0x8De281f47B137979e55B6CEa598179737574C774,0x19e51aFD3EfA98A6E4B82D3834DE174D7a33f9B5,,IN,0,442158000000000,ok,,,0.01634,0.01621
0xcbdf5f8714f450aad11bd2d607388b2d5ecc0663413b69f8174da2422a09b33b,4052002,2019-11-18 15:32:30.000000Z,0x8De281f47B137979e55B6CEa598179737574C774,0x19e51aFD3EfA98A6E4B82D3834DE174D7a33f9B5,,IN,0,442158000000000,ok,,,0.01634,0.01621
0xd7148ee0f42dd954aa10cf4fab7f169a5d5a81c467fd2f2a8f6620ccc844b6e2,3879464,2019-11-06 13:08:50.000000Z,0x9583259D41D3409a11e73addAdC399f391e7957d,0x19e51aFD3EfA98A6E4B82D3834DE174D7a33f9B5,,IN,0,103693000000000,ok,,,0.01715,0.01723
0x69519c69effa131e5ff91b87958a71e883e9153e27ea5348be95e4480db65b74,3879460,2019-11-06 13:08:15.000000Z,0x9583259D41D3409a11e73addAdC399f391e7957d,0x19e51aFD3EfA98A6E4B82D3834DE174D7a33f9B5,,IN,0,103693000000000,ok,,,0.01715,0.01723
0x544091a893b15f1f589b84122c758a65b126ac873c1a4b827925ef43c96f665a,3879456,2019-11-06 13:07:50.000000Z,0x9583259D41D3409a11e73addAdC399f391e7957d,0x19e51aFD3EfA98A6E4B82D3834DE174D7a33f9B5,,IN,0,103693000000000,ok,,,0.01715,0.01723
0xbe3eb84fb565d994799dfebd715c79a4784744a9c7e855c77e6d7f3bd4302512,3879176,2019-11-06 12:33:45.000000Z,0x9583259D41D3409a11e73addAdC399f391e7957d,0x19e51aFD3EfA98A6E4B82D3834DE174D7a33f9B5,,IN,0,103693000000000,ok,,,0.01715,0.01723
0x09c1e3c45b2cfffbd59128460d57d51d14012fbcf58ee44d04a815db76fed171,3879163,2019-11-06 12:32:15.000000Z,0x9583259D41D3409a11e73addAdC399f391e7957d,0x19e51aFD3EfA98A6E4B82D3834DE174D7a33f9B5,,IN,0,103693000000000,ok,,,0.01715,0.01723
0x70f3fa0c2c54f792b2b609c6c7ec6d0d74251a1b43dae359e695e260bac7e2dd,3877920,2019-11-06 10:01:35.000000Z,0xaA84378fA41da83a9B6523bA46E45A664FbEBFC8,0x19e51aFD3EfA98A6E4B82D3834DE174D7a33f9B5,,IN,0,287140000000000,ok,,,0.01715,0.01723
0x8ea742a7156e37d404074f020a8b4d436200b65347bb174cc795927439e41791,3877913,2019-11-06 10:00:50.000000Z,0xaA84378fA41da83a9B6523bA46E45A664FbEBFC8,0x19e51aFD3EfA98A6E4B82D3834DE174D7a33f9B5,,IN,0,287396000000000,ok,,,0.01715,0.01723
0x3d0c71e06b83f1eeb804a2f22938e6e261078158e8c19d1996b532bc23d70dab,3877902,2019-11-06 09:59:30.000000Z,0xaA84378fA41da83a9B6523bA46E45A664FbEBFC8,0x19e51aFD3EfA98A6E4B82D3834DE174D7a33f9B5,,IN,0,286948000000000,ok,,,0.01715,0.01723
0xd4c881d7cc7421e907db2e3ea530423a470fb1472b10984a029b46c33e6333d5,3877892,2019-11-06 09:58:20.000000Z,0xaA84378fA41da83a9B6523bA46E45A664FbEBFC8,0x19e51aFD3EfA98A6E4B82D3834DE174D7a33f9B5,,IN,0,2874600000000000,ok,,,0.01715,0.01723
0x000c03e4e2641d52c8d893c6947e5e8cc763b51677ed5ad652020da4c1ea89f5,3877880,2019-11-06 09:56:50.000000Z,0xaA84378fA41da83a9B6523bA46E45A664FbEBFC8,0x19e51aFD3EfA98A6E4B82D3834DE174D7a33f9B5,,IN,0,2870760000000000,ok,,,0.01715,0.01723
0xf4624aa3a49b5244b1ef13ad12a1cde2803db0b8eca858c2eb403aae5a6ebf55,3877828,2019-11-06 09:50:30.000000Z,0xaA84378fA41da83a9B6523bA46E45A664FbEBFC8,0x19e51aFD3EfA98A6E4B82D3834DE174D7a33f9B5,,IN,0,154192000000000,ok,,,0.01715,0.01723
0xd5ced9e7fa05c45d7c7bf2d657a4c0f161a8569e69c51be429f324490352b42b,3877826,2019-11-06 09:50:20.000000Z,0xaA84378fA41da83a9B6523bA46E45A664FbEBFC8,0x19e51aFD3EfA98A6E4B82D3834DE174D7a33f9B5,,IN,0,159666000000000,ok,,,0.01715,0.01723
0x2095d101d09b24c16dd7938a06eac07a8510ea1c7fa5723ae086c5967024034f,3877825,2019-11-06 09:50:10.000000Z,0xaA84378fA41da83a9B6523bA46E45A664FbEBFC8,0x19e51aFD3EfA98A6E4B82D3834DE174D7a33f9B5,,IN,0,154192000000000,ok,,,0.01715,0.01723
0x53cdfd95ecc9d8d37c4b36857b8c108d7fa778e60fd895a9e76fa36187ee2d49,3877825,2019-11-06 09:50:10.000000Z,0xaA84378fA41da83a9B6523bA46E45A664FbEBFC8,0x19e51aFD3EfA98A6E4B82D3834DE174D7a33f9B5,,IN,0,174656000000000,ok,,,0.01715,0.01723
0xde0e1309b3dbba29863456a7bf6d08a6b045c0860f50f7c865cb2cdbfbb9671a,3877821,2019-11-06 09:49:35.000000Z,0xaA84378fA41da83a9B6523bA46E45A664FbEBFC8,0x19e51aFD3EfA98A6E4B82D3834DE174D7a33f9B5,,IN,0,184576000000000,ok,,,0.01715,0.01723
0x4b2a38fb548598e198ab7b35ad3b2a2fc87ff80d8ce480a22b6e6398841481c1,3772041,2019-10-28 17:23:30.000000Z,0x2fa6f57FF56A1DA41FB7C6a176F630641e20Cd53,0x19e51aFD3EfA98A6E4B82D3834DE174D7a33f9B5,,IN,0,35087000000000,error,Reverted,,0.01643,0.01667
0x5e4d3223baa4b5a281cef635c820555261e842e131d67bbfbf086cea87979cea,3772041,2019-10-28 17:23:30.000000Z,0x2fa6f57FF56A1DA41FB7C6a176F630641e20Cd53,0x19e51aFD3EfA98A6E4B82D3834DE174D7a33f9B5,,IN,0,35087000000000,error,Reverted,,0.01643,0.01667
0x40f4b87ff6f17c442ce6746bc537557f8c1e9fd4bc300ff3315e88673a02d32f,3772037,2019-10-28 17:22:55.000000Z,0x2fa6f57FF56A1DA41FB7C6a176F630641e20Cd53,0x19e51aFD3EfA98A6E4B82D3834DE174D7a33f9B5,,IN,0,73693000000000,ok,,,0.01643,0.01667
0x09bba51ee27cf7024098af9e5f9ab1a8b0fe1be994c02dfd4075e5bfdd32745b,3772037,2019-10-28 17:22:55.000000Z,0x2fa6f57FF56A1DA41FB7C6a176F630641e20Cd53,0x19e51aFD3EfA98A6E4B82D3834DE174D7a33f9B5,,IN,0,35087000000000,error,Reverted,,0.01643,0.01667
0x5bb21eae621e7aa44170f283c187ef90d909fc83c4c93f14c3ddc986754d642c,3772036,2019-10-28 17:22:45.000000Z,0x2fa6f57FF56A1DA41FB7C6a176F630641e20Cd53,0x19e51aFD3EfA98A6E4B82D3834DE174D7a33f9B5,,IN,0,73693000000000,ok,,,0.01643,0.01667
0x43929091f7141f04b110d879924a006587dc8ccb809aad95f86e20a5cf548137,3772035,2019-10-28 17:22:40.000000Z,0x2fa6f57FF56A1DA41FB7C6a176F630641e20Cd53,0x19e51aFD3EfA98A6E4B82D3834DE174D7a33f9B5,,IN,0,35151000000000,error,Reverted,,0.01643,0.01667
0x7b414fbcdb13573b7c98aae47bc82b3cd160de8054c7ef45e8610cfe76c7877a,3772033,2019-10-28 17:22:30.000000Z,0x2fa6f57FF56A1DA41FB7C6a176F630641e20Cd53,0x19e51aFD3EfA98A6E4B82D3834DE174D7a33f9B5,,IN,0,103757000000000,ok,,,0.01643,0.01667
0x81744238e8a8a2dfb74ed62ff95f5986722c856359c11c5610eb34cf5af3f2ce,3771997,2019-10-28 17:18:25.000000Z,0x2fa6f57FF56A1DA41FB7C6a176F630641e20Cd53,0x19e51aFD3EfA98A6E4B82D3834DE174D7a33f9B5,,IN,0,73693000000000,ok,,,0.01643,0.01667
0xb63e9a2a6d05779e572578f5e8f2c2172c8a14c5d13d974a84377cf48f4cbd73,3742939,2019-10-26 07:36:50.000000Z,0xaA84378fA41da83a9B6523bA46E45A664FbEBFC8,0x19e51aFD3EfA98A6E4B82D3834DE174D7a33f9B5,,IN,0,73693000000000,ok,,,0.01726,0.01763
0xc48ab04c1c970087ea83a24e063ff5331b7812269e505cc4a24537b129ceb5db,3742939,2019-10-26 07:36:50.000000Z,0xaA84378fA41da83a9B6523bA46E45A664FbEBFC8,0x19e51aFD3EfA98A6E4B82D3834DE174D7a33f9B5,,IN,0,73693000000000,ok,,,0.01726,0.01763
0x1eef66ee3a8f720956a3db131841b4bc515feab59737cd981f212b1719a1d424,3742937,2019-10-26 07:36:25.000000Z,0xaA84378fA41da83a9B6523bA46E45A664FbEBFC8,0x19e51aFD3EfA98A6E4B82D3834DE174D7a33f9B5,,IN,0,73693000000000,ok,,,0.01726,0.01763
0xb481edb9120954b928674e115f446ec1781c3de83310e32a4a55281dc9f1e5c4,3742935,2019-10-26 07:36:15.000000Z,0xaA84378fA41da83a9B6523bA46E45A664FbEBFC8,0x19e51aFD3EfA98A6E4B82D3834DE174D7a33f9B5,,IN,0,73693000000000,ok,,,0.01726,0.01763
0x863a21139c284786f119a1222741d174a44508fab22039f3115c00c621ec0f2c,3742933,2019-10-26 07:36:00.000000Z,0xaA84378fA41da83a9B6523bA46E45A664FbEBFC8,0x19e51aFD3EfA98A6E4B82D3834DE174D7a33f9B5,,IN,0,88757000000000,ok,,,0.01726,0.01763
0x6e5cca1e4049617f4ad994ac07cd88989fbcbbc2ebccc6c06b321cd7b33d719e,3720344,2019-10-24 09:29:25.000000Z,0xEafe556569895f555755815131D21D49AFdb2Efe,0x19e51aFD3EfA98A6E4B82D3834DE174D7a33f9B5,,IN,0,368465000000000,ok,,,0.01643,0.01697
0x51a232d770d7407270cb329469c1eba940f2480288e99be53d870bc96f0d4a1d,3720343,2019-10-24 09:29:20.000000Z,0xEafe556569895f555755815131D21D49AFdb2Efe,0x19e51aFD3EfA98A6E4B82D3834DE174D7a33f9B5,,IN,0,368465000000000,ok,,,0.01643,0.01697
0x81dbf131be613758f064eea11ad24ba88a86974c77149fbab0a51898949e38f2,3699306,2019-10-22 13:04:05.000000Z,0x1eF319dB1930e3420fCfF90c376d9cf515B34876,0x19e51aFD3EfA98A6E4B82D3834DE174D7a33f9B5,,IN,0,0,ok,,,0.01782,0.01778
0x1978adf3b27e2887b976acddda09c1f7210ac06c7d1f3ca8ed5dfc04a7e1db52,3699294,2019-10-22 13:02:20.000000Z,0x1eF319dB1930e3420fCfF90c376d9cf515B34876,0x19e51aFD3EfA98A6E4B82D3834DE174D7a33f9B5,,IN,0,0,ok,,,0.01782,0.01778
0xd9ab1c2063fc6632a1d5bd0429a0b0a7589e320708c9937154ebce504fee7585,3699294,2019-10-22 13:02:20.000000Z,0x1eF319dB1930e3420fCfF90c376d9cf515B34876,0x19e51aFD3EfA98A6E4B82D3834DE174D7a33f9B5,,IN,0,0,ok,,,0.01782,0.01778
0xaa29a445adf4f27647b5fae5c479e576e3eb5e0cf15650a6e06843a521662c4f,3699294,2019-10-22 13:02:20.000000Z,0x1eF319dB1930e3420fCfF90c376d9cf515B34876,0x19e51aFD3EfA98A6E4B82D3834DE174D7a33f9B5,,IN,0,0,ok,,,0.01782,0.01778
0x77db5429b6acaa3efb2f8842affcddf435145e4b7eebee721c894f7a7f0f836f,3699294,2019-10-22 13:02:20.000000Z,0x1eF319dB1930e3420fCfF90c376d9cf515B34876,0x19e51aFD3EfA98A6E4B82D3834DE174D7a33f9B5,,IN,0,0,ok,,,0.01782,0.01778
0x63e04701d40b1ec5f8b725c2da7ce6836dd3ecd69c22b3102f0a5c63180479d1,3698374,2019-10-22 11:02:20.000000Z,0x60B038A423272609807AFB59Bfd4EdEdd8938F48,0x19e51aFD3EfA98A6E4B82D3834DE174D7a33f9B5,,IN,0,73693000000000,ok,,,0.01782,0.01778
0x04c3831d4c05b535071f1d611ce0f50f4e2231bb12baa9e2ade7b34323ef41ad,3698352,2019-10-22 10:59:40.000000Z,0x60B038A423272609807AFB59Bfd4EdEdd8938F48,0x19e51aFD3EfA98A6E4B82D3834DE174D7a33f9B5,,IN,0,73693000000000,ok,,,0.01782,0.01778
0x14d9e733d51989cc8a37035264773ad231b085912ef105b25d9dcb9f6434d844,3698347,2019-10-22 10:58:55.000000Z,0x60B038A423272609807AFB59Bfd4EdEdd8938F48,0x19e51aFD3EfA98A6E4B82D3834DE174D7a33f9B5,,IN,0,73693000000000,ok,,,0.01782,0.01778
0x05601fab0cebcf00a9c635416e427f9bf9a13992b54a7b1b5a85c7260814d117,3698345,2019-10-22 10:58:40.000000Z,0x60B038A423272609807AFB59Bfd4EdEdd8938F48,0x19e51aFD3EfA98A6E4B82D3834DE174D7a33f9B5,,IN,0,73693000000000,ok,,,0.01782,0.01778
0xb82d3a72f4d80270acc160cccf3bc591232071565bc097c29c9f7b02c1ba7e64,3698342,2019-10-22 10:58:20.000000Z,0x60B038A423272609807AFB59Bfd4EdEdd8938F48,0x19e51aFD3EfA98A6E4B82D3834DE174D7a33f9B5,,IN,0,88757000000000,ok,,,0.01782,0.01778
0x3a564f462023186860e9d68f1a9c8a0616c497c75b91ce58b2aca3848f8db121,3697718,2019-10-22 09:39:40.000000Z,0xaA84378fA41da83a9B6523bA46E45A664FbEBFC8,0x19e51aFD3EfA98A6E4B82D3834DE174D7a33f9B5,,IN,0,70651000000000000,ok,,,0.01782,0.01778
0xcda455c0a32ee7719bcf63cccb5015a9583d49e57d406908968b3c4f0d4f8af9,3689608,2019-10-21 16:09:45.000000Z,0xdDdCb89201F5A24891610b033351a5408A081f98,0x19e51aFD3EfA98A6E4B82D3834DE174D7a33f9B5,,IN,0,73077000000000,ok,,,0.01773,0.01764
0x4b83195779daf25c139b81ae4cdd1af682a05ff4a448492d525f02ee0666ca29,3652033,2019-10-18 14:23:45.000000Z,0xF0f659e9ec6B4358A8d7FbA6a0CA79bAADe10552,0x19e51aFD3EfA98A6E4B82D3834DE174D7a33f9B5,,IN,0,88141000000000,ok,,,0.01746,0.01749
0x43572d0b5c1eb2ffa0abeaeb82f49f02bf0cdf3acdf636dd99490a2cb407e730,3652020,2019-10-18 14:22:10.000000Z,0xF0f659e9ec6B4358A8d7FbA6a0CA79bAADe10552,0x19e51aFD3EfA98A6E4B82D3834DE174D7a33f9B5,,IN,0,34471000000000,error,Reverted,,0.01746,0.01749
0x20becb88330aa9cf8377cfdc92d2091f1e729d2143c185fcdfbeca166d516e89,3652019,2019-10-18 14:21:50.000000Z,0xF0f659e9ec6B4358A8d7FbA6a0CA79bAADe10552,0x19e51aFD3EfA98A6E4B82D3834DE174D7a33f9B5,,IN,0,73077000000000,ok,,,0.01746,0.01749
0x7cc1b47d55aa07ac0c5a04c6eaf59d7b40980b4241c64d5953cab96abb4a2e56,3652005,2019-10-18 14:20:20.000000Z,0xF0f659e9ec6B4358A8d7FbA6a0CA79bAADe10552,0x19e51aFD3EfA98A6E4B82D3834DE174D7a33f9B5,,IN,0,73077000000000,ok,,,0.01746,0.01749
0x20b6b17e1ce7bf3572ac3e53776080219a20b3e1588633544e5a4d1fe641bcf6,3651688,2019-10-18 13:43:05.000000Z,0xF0f659e9ec6B4358A8d7FbA6a0CA79bAADe10552,0x19e51aFD3EfA98A6E4B82D3834DE174D7a33f9B5,,IN,0,88141000000000,ok,,,0.01746,0.01749
0x6fa81b7768e7e4b83a4c5d00094a08e04f4e44288700d5069a5f5f6992ed9aa4,3651522,2019-10-18 13:23:35.000000Z,0xF0f659e9ec6B4358A8d7FbA6a0CA79bAADe10552,0x19e51aFD3EfA98A6E4B82D3834DE174D7a33f9B5,,IN,0,73077000000000,ok,,,0.01746,0.01749
0x4680ff36d93c913c79cc04a71610db01381f73704ed780b4f9769bceab2bfce5,3569150,2019-10-11 06:05:25.000000Z,0x8De281f47B137979e55B6CEa598179737574C774,0x19e51aFD3EfA98A6E4B82D3834DE174D7a33f9B5,,IN,0,69070000000000,error,Reverted,,0.01728,0.01672
0xa24433292dd170e403eba0f49748ffb75f9336d84a9870f3f753f83676c68b5b,3569145,2019-10-11 06:05:00.000000Z,0x8De281f47B137979e55B6CEa598179737574C774,0x19e51aFD3EfA98A6E4B82D3834DE174D7a33f9B5,,IN,0,176282000000000,ok,,,0.01728,0.01672
0xe3bb3dbb3298dabc5897b01976105607389134c0ea3362fa4bf68fed2f818107,3569139,2019-10-11 06:04:15.000000Z,0x8De281f47B137979e55B6CEa598179737574C774,0x19e51aFD3EfA98A6E4B82D3834DE174D7a33f9B5,,IN,0,146154000000000,ok,,,0.01728,0.01672
0x73cf1ea97f3c256510b214f68ff98a5bbe1fc93c5cf18c5500f10ffac5dd78a5,3569137,2019-10-11 06:04:05.000000Z,0x8De281f47B137979e55B6CEa598179737574C774,0x19e51aFD3EfA98A6E4B82D3834DE174D7a33f9B5,,IN,0,146154000000000,ok,,,0.01728,0.01672
0x1229a65a91053e5973fcd517e6f7bfb151ab83f16aaecb0c6e36eed84367ddca,3569130,2019-10-11 06:03:25.000000Z,0x8De281f47B137979e55B6CEa598179737574C774,0x19e51aFD3EfA98A6E4B82D3834DE174D7a33f9B5,,IN,0,68942000000000,error,Reverted,,0.01728,0.01672
0xe6b421e0cf21e57f9c41b817621f51f30bbbe53181dc3db60ededf079b63ae64,3569129,2019-10-11 06:03:15.000000Z,0x8De281f47B137979e55B6CEa598179737574C774,0x19e51aFD3EfA98A6E4B82D3834DE174D7a33f9B5,,IN,0,146154000000000,ok,,,0.01728,0.01672
0x305b67e0c7bb83dd384faa96282a1a26dbbdab1e52ad2df4c2a5e834751f83d9,3569120,2019-10-11 06:02:20.000000Z,0x8De281f47B137979e55B6CEa598179737574C774,0x19e51aFD3EfA98A6E4B82D3834DE174D7a33f9B5,,IN,0,146154000000000,ok,,,0.01728,0.01672
0x0f9066db4d3dad3d762bd3c3feb8b5d6c8a9cea17f96e7da93a216fffd89f552,3558002,2019-10-10 09:55:35.000000Z,0x93dA5507a26090448a03FC1F77e1C7DA20A24292,0x19e51aFD3EfA98A6E4B82D3834DE174D7a33f9B5,,IN,0,73077000000000,ok,,,0.01839,0.01728
0xf6abaf7d52a77cae349c90c83eced60a3f1c2e5cf11b2f1838c91f3cefe64ac6,3546212,2019-10-09 10:55:20.000000Z,0x93dA5507a26090448a03FC1F77e1C7DA20A24292,0x19e51aFD3EfA98A6E4B82D3834DE174D7a33f9B5,,IN,0,73077000000000,ok,,,0.01876,0.01839
0xeaed6b72bc17c713f9b08016068cba2206c282e000985c310e70955e99077f23,3545068,2019-10-09 08:39:05.000000Z,0x93dA5507a26090448a03FC1F77e1C7DA20A24292,0x19e51aFD3EfA98A6E4B82D3834DE174D7a33f9B5,,IN,0,34471000000000,error,Reverted,,0.01876,0.01839
0x3e34516f7ccfc364ec51d3c9b97b4172437aba9e51ada2fee1de2a5bcc8097ab,3545067,2019-10-09 08:39:00.000000Z,0x93dA5507a26090448a03FC1F77e1C7DA20A24292,0x19e51aFD3EfA98A6E4B82D3834DE174D7a33f9B5,,IN,0,73077000000000,ok,,,0.01876,0.01839
0x6e410574e2aec0734ab33a77a9fd8ab046a46365f0be69b27e07d889724b3f1c,3545064,2019-10-09 08:38:45.000000Z,0x93dA5507a26090448a03FC1F77e1C7DA20A24292,0x19e51aFD3EfA98A6E4B82D3834DE174D7a33f9B5,,IN,0,34471000000000,error,Reverted,,0.01876,0.01839
0x6103eeb2a5b61241fb5151c57b7370c7c82109781e4fdb85d484498feb406464,3545062,2019-10-09 08:38:30.000000Z,0x93dA5507a26090448a03FC1F77e1C7DA20A24292,0x19e51aFD3EfA98A6E4B82D3834DE174D7a33f9B5,,IN,0,34471000000000,error,Reverted,,0.01876,0.01839
0x596012914cfde1714200e4d549f6830cb71117bd7e458407481d0908eb3cdbd9,3545061,2019-10-09 08:38:15.000000Z,0x93dA5507a26090448a03FC1F77e1C7DA20A24292,0x19e51aFD3EfA98A6E4B82D3834DE174D7a33f9B5,,IN,0,73077000000000,ok,,,0.01876,0.01839
0xbc602ce5d19573056fec01289af064477b7894d2ebdbd1cfc0f0070394b739f7,3545059,2019-10-09 08:38:00.000000Z,0x93dA5507a26090448a03FC1F77e1C7DA20A24292,0x19e51aFD3EfA98A6E4B82D3834DE174D7a33f9B5,,IN,0,73077000000000,ok,,,0.01876,0.01839
0x2aa560ee0b7e776f96fecffcb1b03e3fe8755082b436c8a825d5dd941f4ab953,3462282,2019-10-02 14:39:50.000000Z,0x9583259D41D3409a11e73addAdC399f391e7957d,0x19e51aFD3EfA98A6E4B82D3834DE174D7a33f9B5,,IN,0,34471000000000,error,Reverted,,0.01615,0.0193
0x1966381df655e04bf56fbddd5df0e38514187ef367b5218a419430f4b09afd3d,3462280,2019-10-02 14:39:30.000000Z,0x9583259D41D3409a11e73addAdC399f391e7957d,0x19e51aFD3EfA98A6E4B82D3834DE174D7a33f9B5,,IN,0,34471000000000,error,Reverted,,0.01615,0.0193
0x95ea9b6384236721f149fe0f6dcf19caa683b4a034431c2a52b03901e31e92d6,3462268,2019-10-02 14:38:00.000000Z,0x9583259D41D3409a11e73addAdC399f391e7957d,0x19e51aFD3EfA98A6E4B82D3834DE174D7a33f9B5,,IN,0,34471000000000,error,Reverted,,0.01615,0.0193
0x3f7f72152f43a9a3eebedbde20e4fe9395198aa327a195e1257fe7ad40cdd030,3462261,2019-10-02 14:37:20.000000Z,0x9583259D41D3409a11e73addAdC399f391e7957d,0x19e51aFD3EfA98A6E4B82D3834DE174D7a33f9B5,,IN,0,73077000000000,ok,,,0.01615,0.0193
0xa037d935078c3e4520fd926ca566d98082d3b644129d509ba65f892169fe2da9,3462256,2019-10-02 14:36:40.000000Z,0x9583259D41D3409a11e73addAdC399f391e7957d,0x19e51aFD3EfA98A6E4B82D3834DE174D7a33f9B5,,IN,0,34471000000000,error,Reverted,,0.01615,0.0193
0x3d32bdfa30d115c18a29361f32c49c29214b6d08226329608c7cc58f256c3179,3462249,2019-10-02 14:36:00.000000Z,0x9583259D41D3409a11e73addAdC399f391e7957d,0x19e51aFD3EfA98A6E4B82D3834DE174D7a33f9B5,,IN,0,88077000000000,ok,,,0.01615,0.0193
0xffe702b1efa9eba38fd5c5aa6bb2f4e441c35ad20336c077444c43e996bd24d0,3462244,2019-10-02 14:35:20.000000Z,0x9583259D41D3409a11e73addAdC399f391e7957d,0x19e51aFD3EfA98A6E4B82D3834DE174D7a33f9B5,,IN,0,73077000000000,ok,,,0.01615,0.0193
0xa2cf32c5ac6988b31d160a925b59bf7f6b8d56027c56bbf5673c0023d1d57367,3462238,2019-10-02 14:34:45.000000Z,0x9583259D41D3409a11e73addAdC399f391e7957d,0x19e51aFD3EfA98A6E4B82D3834DE174D7a33f9B5,,IN,0,73077000000000,ok,,,0.01615,0.0193
0x07ac6874009eab0cefc02efb8e4b2f3271b44c40d40a8779aa1378fb135d89c7,3462219,2019-10-02 14:31:50.000000Z,0x9583259D41D3409a11e73addAdC399f391e7957d,0x19e51aFD3EfA98A6E4B82D3834DE174D7a33f9B5,,IN,0,34471000000000,error,Reverted,,0.01615,0.0193
0x8da7ef4acf9cdce2d255e33d59a3e46ed58995be16e66b82ac98a82a3dc5ffe6,3462198,2019-10-02 14:29:30.000000Z,0x9583259D41D3409a11e73addAdC399f391e7957d,0x19e51aFD3EfA98A6E4B82D3834DE174D7a33f9B5,,IN,0,73077000000000,ok,,,0.01615,0.0193
0x5e07368672f308525e037571fe69269586236d82ef276f80d9ec4a3d21364a71,3453387,2019-10-01 19:16:00.000000Z,0xdDdCb89201F5A24891610b033351a5408A081f98,0x19e51aFD3EfA98A6E4B82D3834DE174D7a33f9B5,,IN,0,73077000000000,ok,,,0.01596,0.01615
0x99f293efcd588075490499a9264bfc4c888054a0a985f9b766e7a6001c0f7ff9,3453384,2019-10-01 19:15:20.000000Z,0xdDdCb89201F5A24891610b033351a5408A081f98,0x19e51aFD3EfA98A6E4B82D3834DE174D7a33f9B5,,IN,0,88141000000000,ok,,,0.01596,0.01615
0x2093233055f965e3694f42b71ff111d6435aa451a70425192b0ae9dca4013874,3453152,2019-10-01 18:44:45.000000Z,0xdDdCb89201F5A24891610b033351a5408A081f98,0x19e51aFD3EfA98A6E4B82D3834DE174D7a33f9B5,,IN,0,73077000000000,ok,,,0.01596,0.01615
0xe46f3c9d657d72771ec5bff4d206d3447996f03d27c9c65c33dd5f5bfc1df8ef,3453144,2019-10-01 18:43:45.000000Z,0xdDdCb89201F5A24891610b033351a5408A081f98,0x19e51aFD3EfA98A6E4B82D3834DE174D7a33f9B5,,IN,0,73077000000000,ok,,,0.01596,0.01615
0x43978af4c49de092f28180b6eb7df27ce049888d63d90aa7fe104da0db107c70,3451557,2019-10-01 15:12:30.000000Z,0xe659bc6A60Ba2091c08F7df623BA6057349B6980,0x19e51aFD3EfA98A6E4B82D3834DE174D7a33f9B5,,IN,0,103077000000000,ok,,,0.01596,0.01615
0x8b7dd641bb510dbbf2363e0b5ffb93e52f3b1605e0a0786487302f95dde81c83,3451556,2019-10-01 15:12:20.000000Z,0xe659bc6A60Ba2091c08F7df623BA6057349B6980,0x19e51aFD3EfA98A6E4B82D3834DE174D7a33f9B5,,IN,0,103077000000000,ok,,,0.01596,0.01615
0xefdb80310cd87b6f4b86208030b1cd0702eacfc06551d1e14a8fa0f5b4ea5b5e,3451555,2019-10-01 15:12:15.000000Z,0xe659bc6A60Ba2091c08F7df623BA6057349B6980,0x19e51aFD3EfA98A6E4B82D3834DE174D7a33f9B5,,IN,0,103077000000000,ok,,,0.01596,0.01615
0x1a461f9f55f99a471c1acf43cab3965d02d60705f17aa7fff7d175429583b8b9,3451554,2019-10-01 15:12:00.000000Z,0xe659bc6A60Ba2091c08F7df623BA6057349B6980,0x19e51aFD3EfA98A6E4B82D3834DE174D7a33f9B5,,IN,0,118141000000000,ok,,,0.01596,0.01615
0x9a5b76e13e1da1b821c298f0be04a5c3389f9a10a65e6e34b446c205aa933ac7,6575628,2020-05-25 18:56:10.000000Z,0xF0f659e9ec6B4358A8d7FbA6a0CA79bAADe10552,0x19e51aFD3EfA98A6E4B82D3834DE174D7a33f9B5,,IN,0,3632917000000000,ok,,,0.01011,0.01026
0x4a2dbe1cd39e79fb8ea040d28493626d9f4d55a52a901015479010643aa4619c,6572275,2020-05-25 13:15:45.000000Z,0xc463396d13C115A443c1989b883823FA538371e5,0x19e51aFD3EfA98A6E4B82D3834DE174D7a33f9B5,,IN,0,87267000000000,error,Reverted,,0.01011,0.01026
0x61f99c8e4a197cdc991bdb48b6a7b6369e250fec50fead52392cf0ac4cdd8454,6572274,2020-05-25 13:15:40.000000Z,0xc463396d13C115A443c1989b883823FA538371e5,0x19e51aFD3EfA98A6E4B82D3834DE174D7a33f9B5,,IN,0,125273000000000,ok,,,0.01011,0.01026
0xb3295e9db01d5476132855ff80c3383e4015f8056fca6d19a2ab98de26572176,6571506,2020-05-25 11:57:25.000000Z,0xe659bc6A60Ba2091c08F7df623BA6057349B6980,0x19e51aFD3EfA98A6E4B82D3834DE174D7a33f9B5,,IN,0,2129641000000000,ok,,,0.01011,0.01026
0x83a05dd8434011b77aa9d85767ef533e84cba856a69d6f64e11ffb5b49f18e22,6571409,2020-05-25 11:47:25.000000Z,0x2eaeA0039C54f63CC344C3eAacfE69421C7eE785,0x19e51aFD3EfA98A6E4B82D3834DE174D7a33f9B5,,IN,0,125273000000000,ok,,,0.01011,0.01026
0x4517f2d4c0acdfa87893f84a75253c5efc2aa6c7081cf0e31554a47d65627f84,6570137,2020-05-25 09:36:35.000000Z,0x841C25A1b2bA723591c14636Dc13E4deeb65A79b,0x19e51aFD3EfA98A6E4B82D3834DE174D7a33f9B5,,IN,0,125273000000000,ok,,,0.01011,0.01026
0xc3cf6b009b5c68c1117f4da764d7ffc65395b2b9000110f95d0d7469f68b3321,6569606,2020-05-25 08:39:50.000000Z,0xdDdCb89201F5A24891610b033351a5408A081f98,0x19e51aFD3EfA98A6E4B82D3834DE174D7a33f9B5,,IN,0,125273000000000,ok,,,0.01011,0.01026
0x3e57a088907823fa59af5f3041b48a0a371300325bad2767761a2d02c9560de5,6569592,2020-05-25 08:38:25.000000Z,0x1eF319dB1930e3420fCfF90c376d9cf515B34876,0x19e51aFD3EfA98A6E4B82D3834DE174D7a33f9B5,,IN,0,125273000000000,ok,,,0.01011,0.01026
0x8179520349cd529603ee5ec7868b4fe5d26d04b7c32b3becfc43c137c4d9828c,6506422,2020-05-20 18:29:40.000000Z,0x60B038A423272609807AFB59Bfd4EdEdd8938F48,0x19e51aFD3EfA98A6E4B82D3834DE174D7a33f9B5,,IN,0,125273000000000,ok,,,0.009878,0.009869
0x6b1015380570b1ba2a9735b7de04d9ca56aee4c35833d3b82e568da8ef8878d1,6502250,2020-05-20 11:09:35.000000Z,0x9CA00a5b1B61157D5D75F0c41cdDb157dD050d71,0x19e51aFD3EfA98A6E4B82D3834DE174D7a33f9B5,,IN,0,121073000000000,ok,,,0.009878,0.009869
0x652d55b13a26a0c6ee21850bcc24c6e3bbcc50b2eb9c7f1a8e82a01cdc76d2fb,6486105,2020-05-19 07:05:00.000000Z,0xaA84378fA41da83a9B6523bA46E45A664FbEBFC8,0x19e51aFD3EfA98A6E4B82D3834DE174D7a33f9B5,,IN,0,113458000000000,ok,,,0.00982,0.009826
0x306da44b0810e19cf2eae2112a5e9f132540accb22afc2a677d2497bcad446a3,6378081,2020-05-11 10:52:25.000000Z,0xaA84378fA41da83a9B6523bA46E45A664FbEBFC8,0x19e51aFD3EfA98A6E4B82D3834DE174D7a33f9B5,,IN,0,111629000000000,ok,,,0.00891,0.008931
0xf3de413a099cabfc2df52006ddd4b892068233a6456375acf382eae18d8e52f5,6323491,2020-05-07 10:29:30.000000Z,0x8De281f47B137979e55B6CEa598179737574C774,0x19e51aFD3EfA98A6E4B82D3834DE174D7a33f9B5,,IN,0,121641000000000,ok,,,0.009336,0.009473
0xe1d5fd1729e7ad48d4f584644c15464baff19cdd15e9ea3461533aca6be27a53,6312327,2020-05-06 14:54:55.000000Z,0x9583259D41D3409a11e73addAdC399f391e7957d,0x19e51aFD3EfA98A6E4B82D3834DE174D7a33f9B5,,IN,0,121641000000000,ok,,,0.009662,0.00966
0x3980bf81a060eab16d801654c9da938af3088d3ecb4c928613c60055d1dff942,6297784,2020-05-05 13:41:00.000000Z,0xaA84378fA41da83a9B6523bA46E45A664FbEBFC8,0x19e51aFD3EfA98A6E4B82D3834DE174D7a33f9B5,,IN,0,109824000000000,ok,,,0.009592,0.009625
0x4f4b64c173d9566ec64c743588eb65b8f971f0a80e1d3848a19609ea58af1625,6294960,2020-05-05 08:44:55.000000Z,0xaA84378fA41da83a9B6523bA46E45A664FbEBFC8,0x19e51aFD3EfA98A6E4B82D3834DE174D7a33f9B5,,IN,0,149825000000000,ok,,,0.009592,0.009625
0xc79b1756ec3c11486fc92851ce87193d70cc9bbcc5bb3d5a4a27bf990f3c1c77,6294234,2020-05-05 07:29:10.000000Z,0xaA84378fA41da83a9B6523bA46E45A664FbEBFC8,0x19e51aFD3EfA98A6E4B82D3834DE174D7a33f9B5,,IN,0,86750000000000,ok,,,0.009592,0.009625
0xd9d4f3893499794d4216ad5d612342d24a92595c7aff94b260792eb685085ab2,6294125,2020-05-05 07:17:50.000000Z,0xaA84378fA41da83a9B6523bA46E45A664FbEBFC8,0x19e51aFD3EfA98A6E4B82D3834DE174D7a33f9B5,,IN,0,108007000000000,ok,,,0.009592,0.009625
0x0728c27bea2876f2adb1f57e357793230cda2373deb66b1cafe666dfeea467ba,6281307,2020-05-04 09:57:35.000000Z,0xaA84378fA41da83a9B6523bA46E45A664FbEBFC8,0x19e51aFD3EfA98A6E4B82D3834DE174D7a33f9B5,,IN,0,282292000000000,ok,,,0.00962,0.00964
0x9f58d4a5124da11224c7cba8a6cf41b64074e6121940a72a8b521099b40df9c7,6280989,2020-05-04 09:25:55.000000Z,0xaA84378fA41da83a9B6523bA46E45A664FbEBFC8,0x19e51aFD3EfA98A6E4B82D3834DE174D7a33f9B5,,IN,0,315718000000000,ok,,,0.00962,0.00964
0xc6e301cb7ee2fd05befb725cabf28fb455fe984f9a2635a1859bf1172032fb8c,6280985,2020-05-04 09:25:30.000000Z,0xaA84378fA41da83a9B6523bA46E45A664FbEBFC8,0x19e51aFD3EfA98A6E4B82D3834DE174D7a33f9B5,,IN,0,314734000000000,ok,,,0.00962,0.00964
0xe65fa3a975a2f1bae2126dd95755ac634718ffebec0bdc9f958fefc56c5b9a24,6230672,2020-04-30 19:29:15.000000Z,0x2e8Eb0126F6CA909520c394677D22196BFC82741,0x19e51aFD3EfA98A6E4B82D3834DE174D7a33f9B5,,IN,0,113809000000000,ok,,,0.009751,0.009641
0x373c998bf0e6a3d29fb5cf6c2edc7d381ad29127318075828b2a6a6b3dbb656f,6199129,2020-04-28 13:01:00.000000Z,0x63fb9AaB8BcD1837d8D1A5318b73b1d4Adc4Fc6a,0x19e51aFD3EfA98A6E4B82D3834DE174D7a33f9B5,,IN,0,137221000000000,ok,,,0.009033,0.008977
0x5379cde9a7fad90506d9fc871350132deecc5dc33b2e52d7299d411010194c43,6199127,2020-04-28 13:00:50.000000Z,0x63fb9AaB8BcD1837d8D1A5318b73b1d4Adc4Fc6a,0x19e51aFD3EfA98A6E4B82D3834DE174D7a33f9B5,,IN,0,118009000000000,ok,,,0.009033,0.008977
0x47f260d07f766e68a85137aa7ca7f9bc45b89be85ee0ee8704e4a756f39efb81,6186801,2020-04-27 15:53:40.000000Z,0x37D1B7a3EEc870e593C32d790E52B89908cA90F1,0x19e51aFD3EfA98A6E4B82D3834DE174D7a33f9B5,,IN,0,1372210000000000,ok,,,0.009165,0.009199
0x92efd8928fc87278cde777a5e482636c20417a8c4a000fe43f2ec9dcc184286a,6186800,2020-04-27 15:53:35.000000Z,0x37D1B7a3EEc870e593C32d790E52B89908cA90F1,0x19e51aFD3EfA98A6E4B82D3834DE174D7a33f9B5,,IN,0,1180090000000000,ok,,,0.009165,0.009199
0x13f9035e2d2682f88fdfbe94aff5c98b1074d8cdd43b64201875dc65b0571e0c,6185542,2020-04-27 13:47:55.000000Z,0xc463396d13C115A443c1989b883823FA538371e5,0x19e51aFD3EfA98A6E4B82D3834DE174D7a33f9B5,,IN,0,137221000000000,ok,,,0.009165,0.009199
0x429f9ee05ed4fa2f18ccbe49ebe3c9ff61a999838051a7296f152cbe7764de66,6132588,2020-04-23 20:52:50.000000Z,0x2e8Eb0126F6CA909520c394677D22196BFC82741,0x19e51aFD3EfA98A6E4B82D3834DE174D7a33f9B5,,IN,0,1024281000000000,ok,,,0.009071,0.009028
0x6265460fd9be6f15cc86acb40c70c3acb8a9234870db50b138df02d034ee270a,6115004,2020-04-22 15:32:45.000000Z,0x8De281f47B137979e55B6CEa598179737574C774,0x19e51aFD3EfA98A6E4B82D3834DE174D7a33f9B5,,IN,0,137221000000000,ok,,,0.008622,0.008649
0xdb711fcf4391b244de0cc0a8698bbe06ba51e86490b916e76c9c03544c4f2fd5,6115002,2020-04-22 15:32:35.000000Z,0x8De281f47B137979e55B6CEa598179737574C774,0x19e51aFD3EfA98A6E4B82D3834DE174D7a33f9B5,,IN,0,354027000000000,ok,,,0.008622,0.008649
0x0e0aa45eee979e45b7b49ac7ba6bc0f17d31208557799ce1e11448c094ad7c4b,6114726,2020-04-22 15:04:50.000000Z,0x738e6E88d4415E2e5075e15CC24FD9416F1c89C3,0x19e51aFD3EfA98A6E4B82D3834DE174D7a33f9B5,,IN,0,1062081000000000,ok,,,0.008622,0.008649
0xe00eb3e414f81f67a4723be90f02898b575617f30dbcba7813093e7edebd2a0e,6114715,2020-04-22 15:03:40.000000Z,0x738e6E88d4415E2e5075e15CC24FD9416F1c89C3,0x19e51aFD3EfA98A6E4B82D3834DE174D7a33f9B5,,IN,0,1062081000000000,ok,,,0.008622,0.008649
0x858b965b6c49960739340aadeb8929d8d804f7736e96411e745dc89d7814db7b,6114044,2020-04-22 13:56:10.000000Z,0xdDdCb89201F5A24891610b033351a5408A081f98,0x19e51aFD3EfA98A6E4B82D3834DE174D7a33f9B5,,IN,0,137221000000000,ok,,,0.008622,0.008649
0x07e26b130c0de9a1b7a6ca8340c1b782def1f6227ced0e95fe3d7a3deb9c1ea9,6114044,2020-04-22 13:56:10.000000Z,0xF0f659e9ec6B4358A8d7FbA6a0CA79bAADe10552,0x19e51aFD3EfA98A6E4B82D3834DE174D7a33f9B5,,IN,0,2003426600000000,ok,,,0.008622,0.008649
0x077de425a26015da391c15873d1445de6f62ba9d198e66f2b14840e2f89a248c,6114028,2020-04-22 13:54:35.000000Z,0xdDdCb89201F5A24891610b033351a5408A081f98,0x19e51aFD3EfA98A6E4B82D3834DE174D7a33f9B5,,IN,0,118009000000000,ok,,,0.008622,0.008649
0x8edac3dcd8f66ca5c576d05d337c1de166a457c8d27836f4dbc4b60d9b520d77,6114027,2020-04-22 13:54:30.000000Z,0xF0f659e9ec6B4358A8d7FbA6a0CA79bAADe10552,0x19e51aFD3EfA98A6E4B82D3834DE174D7a33f9B5,,IN,0,1699329600000000,ok,,,0.008622,0.008649
0xdeda7a513efaf968244b9f503017c17d6f53c158d146f402f387ff03626c1cbe,6111995,2020-04-22 10:31:30.000000Z,0xe659bc6A60Ba2091c08F7df623BA6057349B6980,0x19e51aFD3EfA98A6E4B82D3834DE174D7a33f9B5,,IN,0,137221000000000,ok,,,0.008622,0.008649
0x3b4b2a20f04c7c3cfd7e9a0abfc9317a207b16dcc80d8b48a07b9fb347cfacde,6111963,2020-04-22 10:28:20.000000Z,0xe659bc6A60Ba2091c08F7df623BA6057349B6980,0x19e51aFD3EfA98A6E4B82D3834DE174D7a33f9B5,,IN,0,118009000000000,ok,,,0.008622,0.008649
0x22c910f83cac14849f5a6308ac9a254c1a2283227d8a2c3096635a70d5b16f92,6100287,2020-04-21 15:09:15.000000Z,0x60B038A423272609807AFB59Bfd4EdEdd8938F48,0x19e51aFD3EfA98A6E4B82D3834DE174D7a33f9B5,,IN,0,137221000000000,ok,,,0.008704,0.00881
0x6863f2863f2dd0c402add7073ff7b870e08257fca5337ea7ec4ae8bd6e9319c7,6100243,2020-04-21 15:04:55.000000Z,0x60B038A423272609807AFB59Bfd4EdEdd8938F48,0x19e51aFD3EfA98A6E4B82D3834DE174D7a33f9B5,,IN,0,118009000000000,ok,,,0.008704,0.00881
0x682a891304083c07bc7dcc53c4de753a6800803d69b2098f2586ab63bdf07ed4,6095500,2020-04-21 07:13:45.000000Z,0xc463396d13C115A443c1989b883823FA538371e5,0x19e51aFD3EfA98A6E4B82D3834DE174D7a33f9B5,,IN,0,118009000000000,ok,,,0.008704,0.00881
0x079e98d17dc1f9ddd88c344c399d47aec3ccfefce3d56a5b6b3963d3c1891932,6039619,2020-04-17 14:31:25.000000Z,0x2eaeA0039C54f63CC344C3eAacfE69421C7eE785,0x19e51aFD3EfA98A6E4B82D3834DE174D7a33f9B5,,IN,0,152221000000000,ok,,,0.008871,0.008887
0x9b7742a7cf0fe7fba2a5d414608681d878e8cad2c7906db86ca4ea6069ad8ba5,6039461,2020-04-17 14:17:05.000000Z,0x2eaeA0039C54f63CC344C3eAacfE69421C7eE785,0x19e51aFD3EfA98A6E4B82D3834DE174D7a33f9B5,,IN,0,118009000000000,ok,,,0.008871,0.008887
0x326dba5a2d45eb806bd15a75da5a82f359ec6556698a9f76ecaeff63d7d83c37,5988785,2020-04-14 07:30:55.000000Z,0xaA84378fA41da83a9B6523bA46E45A664FbEBFC8,0x19e51aFD3EfA98A6E4B82D3834DE174D7a33f9B5,,IN,0,106190000000000,ok,,,0.008711,0.008719
0xb472f99beaf0013fc0b6030dbdb30dcc90211178d3df50289462eff8b2804dd4,5890111,2020-04-07 12:33:05.000000Z,0x9583259D41D3409a11e73addAdC399f391e7957d,0x19e51aFD3EfA98A6E4B82D3834DE174D7a33f9B5,,IN,0,146193000000000,ok,,,0.009614,0.009588
0x6942bdc6f91afd9dd0648110523cafc92197ae7a96077399d4358b89627bb2f2,5890110,2020-04-07 12:33:00.000000Z,0x9583259D41D3409a11e73addAdC399f391e7957d,0x19e51aFD3EfA98A6E4B82D3834DE174D7a33f9B5,,IN,0,146193000000000,ok,,,0.009614,0.009588
0xc425df69a327108153b2005effc8ef79247d3f91bfcf4afdb7de7ac0b7acf020,5813769,2020-04-02 11:55:10.000000Z,0xaA84378fA41da83a9B6523bA46E45A664FbEBFC8,0x19e51aFD3EfA98A6E4B82D3834DE174D7a33f9B5,,IN,0,312689000000000,ok,,,0.008604,0.008674
0xf448e810bd877ffe0382594e6034d9c638e77b8919078594431198a3f551ead0,5799339,2020-04-01 12:58:00.000000Z,0xaA84378fA41da83a9B6523bA46E45A664FbEBFC8,0x19e51aFD3EfA98A6E4B82D3834DE174D7a33f9B5,,IN,0,2425700000000000,error,Reverted,,0.008543,0.008384
0x9f698392a46a09ac3bbf63a7a49a7b932907488fc223c0830f2081bd3fb1008a,5799044,2020-04-01 12:29:45.000000Z,0xaA84378fA41da83a9B6523bA46E45A664FbEBFC8,0x19e51aFD3EfA98A6E4B82D3834DE174D7a33f9B5,,IN,0,24257000000000,error,Reverted,,0.008543,0.008384
0xccc45d5b81c442d2ebf6069131f1b43579add5484ff81ea8805c6a7416a1157b,5796267,2020-04-01 08:03:15.000000Z,0xaA84378fA41da83a9B6523bA46E45A664FbEBFC8,0x19e51aFD3EfA98A6E4B82D3834DE174D7a33f9B5,,IN,0,282292000000000,ok,,,0.008543,0.008384
0x66511eeefbed3b4e8d4e8b003a21840e52b6c42aa583dcc35fb62021c469ac69,5796252,2020-04-01 08:01:50.000000Z,0xaA84378fA41da83a9B6523bA46E45A664FbEBFC8,0x19e51aFD3EfA98A6E4B82D3834DE174D7a33f9B5,,IN,0,282280000000000,ok,,,0.008543,0.008384
0x0ffff28101f20f28bb956349c8d309178cce6208866d1fb6fdd43db2f82beb58,5786818,2020-03-31 17:01:20.000000Z,0x63fb9AaB8BcD1837d8D1A5318b73b1d4Adc4Fc6a,0x19e51aFD3EfA98A6E4B82D3834DE174D7a33f9B5,,IN,0,116193000000000,ok,,,0.008263,0.008315
0x266262ded433fa3fa1aeeca9eeb9f1b590928169ce8d851cc4991f408caa0695,5781765,2020-03-31 09:19:25.000000Z,0xaA84378fA41da83a9B6523bA46E45A664FbEBFC8,0x19e51aFD3EfA98A6E4B82D3834DE174D7a33f9B5,,IN,0,104373000000000,ok,,,0.008263,0.008315
0x88897d6f23af74b33f5cc20b15a38544f88e54a8712baacb8e964b38e3d87fe5,5672311,2020-03-24 16:58:50.000000Z,0x2eaeA0039C54f63CC344C3eAacfE69421C7eE785,0x19e51aFD3EfA98A6E4B82D3834DE174D7a33f9B5,,IN,0,110177000000000,ok,,,0.00878,0.00864
0xf3bbef57244320532dd6ba2655c0d03bd0f0d225bfb50c62b716a2278229376c,5669704,2020-03-24 13:11:40.000000Z,0xAA4870919390F1026C17651B4F8f29CBc50fD789,0x19e51aFD3EfA98A6E4B82D3834DE174D7a33f9B5,,IN,0,110177000000000,ok,,,0.00878,0.00864
0xd9dad76e20fbb914c25d101584fac2821a443b3b8fb9694e77beadf0aa39834a,5650544,2020-03-23 09:20:00.000000Z,0xc463396d13C115A443c1989b883823FA538371e5,0x19e51aFD3EfA98A6E4B82D3834DE174D7a33f9B5,,IN,0,114377000000000,ok,,,0.007985,0.008105
0xa014498d5b4b796aa9171bf78d995f4c1dd97de332f20560155da1d2b3840126,5604525,2020-03-20 14:27:10.000000Z,0xe659bc6A60Ba2091c08F7df623BA6057349B6980,0x19e51aFD3EfA98A6E4B82D3834DE174D7a33f9B5,,IN,0,114377000000000,ok,,,0.008783,0.008842
0x4b4ad60b81298b7255d1f946d0b5c2904d6b99cfddd83cfcadd3aa7068ba9b18,5602147,2020-03-20 10:59:55.000000Z,0x60B038A423272609807AFB59Bfd4EdEdd8938F48,0x19e51aFD3EfA98A6E4B82D3834DE174D7a33f9B5,,IN,0,114377000000000,ok,,,0.008783,0.008842
0x03bcf0ee7511ce4178cfd09e4e3ceff05e524d7f527cf44c4e66c52186b4e45f,5472130,2020-03-12 13:55:30.000000Z,0x9583259D41D3409a11e73addAdC399f391e7957d,0x19e51aFD3EfA98A6E4B82D3834DE174D7a33f9B5,,IN,0,76371000000000,error,Reverted,,0.01263,0.006392
0x572842f87f0d113c5e112fdde11edc28aa04af9bdcd74f9a35e3ceed262136fe,5472124,2020-03-12 13:55:00.000000Z,0x9583259D41D3409a11e73addAdC399f391e7957d,0x19e51aFD3EfA98A6E4B82D3834DE174D7a33f9B5,,IN,0,114377000000000,ok,,,0.01263,0.006392
0xc53fd74c3a332c77c6b1b03f386f20ff09ff3d5023383ea34753f5014f4a73ad,5435465,2020-03-10 08:32:45.000000Z,0xF0f659e9ec6B4358A8d7FbA6a0CA79bAADe10552,0x19e51aFD3EfA98A6E4B82D3834DE174D7a33f9B5,,IN,0,1029393000000000,ok,,,0.01255,0.01287
0xed3b9c91302847e533076fd06cf9146c2dd0a0c28e7a97975403703a99165817,5419360,2020-03-09 09:05:30.000000Z,0xaA84378fA41da83a9B6523bA46E45A664FbEBFC8,0x19e51aFD3EfA98A6E4B82D3834DE174D7a33f9B5,,IN,0,102556000000000,ok,,,0.01257,0.01215
0xe8c0eefbd3ac736883f616768ba8f4b67250eb9881bb49b6eeb7c30472ebe11b,5323297,2020-03-03 13:03:45.000000Z,0xaA84378fA41da83a9B6523bA46E45A664FbEBFC8,0x19e51aFD3EfA98A6E4B82D3834DE174D7a33f9B5,,IN,0,142561000000000,ok,,,0.01467,0.0144
0x3c8f9ee22c53deddced83f87a82d61e22c388f8713396a6e08f5cf4bf1bc4010,5307589,2020-03-02 12:58:35.000000Z,0xaA84378fA41da83a9B6523bA46E45A664FbEBFC8,0x19e51aFD3EfA98A6E4B82D3834DE174D7a33f9B5,,IN,0,261428000000000,ok,,,0.01397,0.0144
0xec73588d90aa8eee83e5285bdb85a08c72748cc997307b819ce24240e1a81d9d,5047154,2020-02-14 12:45:25.000000Z,0xaA84378fA41da83a9B6523bA46E45A664FbEBFC8,0x19e51aFD3EfA98A6E4B82D3834DE174D7a33f9B5,,IN,0,100739000000000,ok,,,0.01873,0.01906
0x7aa8424535efab9650899ad4e9d80beff0596e6e05bb295b97a39cd983c95e8d,4924056,2020-02-03 15:08:30.000000Z,0xaA84378fA41da83a9B6523bA46E45A664FbEBFC8,0x19e51aFD3EfA98A6E4B82D3834DE174D7a33f9B5,,IN,0,599760000000000,ok,,,0.01307,0.01328
0xc05556c3718703828a4d46ed8246bb18dd4645f350530772b7775fa98743def2,4921895,2020-02-03 08:37:55.000000Z,0xaA84378fA41da83a9B6523bA46E45A664FbEBFC8,0x19e51aFD3EfA98A6E4B82D3834DE174D7a33f9B5,,IN,0,142722000000000,ok,,,0.01307,0.01328
0xdaabf6a176b6380ad62d58ef08f083c335192ee416938ef674f6b7ba02cc1932,4921893,2020-02-03 08:37:25.000000Z,0xaA84378fA41da83a9B6523bA46E45A664FbEBFC8,0x19e51aFD3EfA98A6E4B82D3834DE174D7a33f9B5,,IN,0,159122000000000,ok,,,0.01307,0.01328
0x557dd4a41ed1a534dd20cb08031b56619badd77a7e7d4dc566175376c07aeea6,4921892,2020-02-03 08:37:15.000000Z,0xaA84378fA41da83a9B6523bA46E45A664FbEBFC8,0x19e51aFD3EfA98A6E4B82D3834DE174D7a33f9B5,,IN,0,170018000000000,ok,,,0.01307,0.01328
0x2f5c84714ab96cf1fbd0f757a73c17fbafa4085c7e0a2a862544309c62912798,4921888,2020-02-03 08:36:45.000000Z,0xaA84378fA41da83a9B6523bA46E45A664FbEBFC8,0x19e51aFD3EfA98A6E4B82D3834DE174D7a33f9B5,,IN,0,236894000000000,ok,,,0.01307,0.01328
0x4c4271a999e4cd76926a0b64537bf98a98beff43e59f7e029ca46d1cde61a732,4884512,2020-01-30 05:23:15.000000Z,0x93dA5507a26090448a03FC1F77e1C7DA20A24292,0x19e51aFD3EfA98A6E4B82D3834DE174D7a33f9B5,,IN,0,77389000000000,ok,,,0.01198,0.01216
0xad1e7b5c005a34676a5fcd1cfccf6cca68540fecd79f0548ba1d6eac8638b9cb,4884512,2020-01-30 05:23:15.000000Z,0x93dA5507a26090448a03FC1F77e1C7DA20A24292,0x19e51aFD3EfA98A6E4B82D3834DE174D7a33f9B5,,IN,0,77389000000000,ok,,,0.01198,0.01216
0xf11c25f4df6e8f57ba997741e193e781f68e263a296ec2f601f324857ca6ec42,4884510,2020-01-30 05:22:45.000000Z,0x93dA5507a26090448a03FC1F77e1C7DA20A24292,0x19e51aFD3EfA98A6E4B82D3834DE174D7a33f9B5,,IN,0,77389000000000,ok,,,0.01198,0.01216
0x5c81efb7525a79ed0af9bc3b8b570a651bb618cdaeec061d3c11aa4cbe4c6021,4884508,2020-01-30 05:22:30.000000Z,0x93dA5507a26090448a03FC1F77e1C7DA20A24292,0x19e51aFD3EfA98A6E4B82D3834DE174D7a33f9B5,,IN,0,77389000000000,ok,,,0.01198,0.01216
0x581c63a5ff4fb60d4703bdba45c5e642230097024e449e82ef5f20a08538fa84,4868301,2020-01-28 14:55:05.000000Z,0xc463396d13C115A443c1989b883823FA538371e5,0x19e51aFD3EfA98A6E4B82D3834DE174D7a33f9B5,,IN,0,77389000000000,ok,,,0.01192,0.01202
0x2a95cb4322e0dc8636ac9cd59799b5dfa9ad5d37af0112a11a71f28839f55523,4868301,2020-01-28 14:55:05.000000Z,0xc463396d13C115A443c1989b883823FA538371e5,0x19e51aFD3EfA98A6E4B82D3834DE174D7a33f9B5,,IN,0,77389000000000,ok,,,0.01192,0.01202
0x8054a11eb570dd49be65ba5589b0a092ee62d51f03bd7d6e0593eb2f5802c8a4,4868301,2020-01-28 14:55:05.000000Z,0xc463396d13C115A443c1989b883823FA538371e5,0x19e51aFD3EfA98A6E4B82D3834DE174D7a33f9B5,,IN,0,77389000000000,ok,,,0.01192,0.01202
0x11ba04b11c88bbcb9a88c59aa42cad876bce46bf75d7cffc85a4c06ef0010d03,4868301,2020-01-28 14:55:05.000000Z,0xc463396d13C115A443c1989b883823FA538371e5,0x19e51aFD3EfA98A6E4B82D3834DE174D7a33f9B5,,IN,0,77389000000000,ok,,,0.01192,0.01202
0xfcb1f3cdcd2d8eb53519f94c4347bdba6967108234c29b37ef27fb61beb2cf27,4866557,2020-01-28 10:48:25.000000Z,0x1eF319dB1930e3420fCfF90c376d9cf515B34876,0x19e51aFD3EfA98A6E4B82D3834DE174D7a33f9B5,,IN,0,77389000000000,ok,,,0.01192,0.01202
0xe0fe02b4e299f336718d5cdc5abceb524c87a8ba1d1ae097471688f46a810f7a,4866555,2020-01-28 10:48:15.000000Z,0x1eF319dB1930e3420fCfF90c376d9cf515B34876,0x19e51aFD3EfA98A6E4B82D3834DE174D7a33f9B5,,IN,0,77389000000000,ok,,,0.01192,0.01202
0x8d653beab2df05705b66c3e1e7d606dd87dd89483995c31e661e3da3db1841c8,4866550,2020-01-28 10:47:35.000000Z,0x1eF319dB1930e3420fCfF90c376d9cf515B34876,0x19e51aFD3EfA98A6E4B82D3834DE174D7a33f9B5,,IN,0,77389000000000,ok,,,0.01192,0.01202
0x1676da6bccbdb5d2881b8cd4ab94a9480eed603df3743c236f08aa483ff57d81,4866358,2020-01-28 10:21:55.000000Z,0x1eF319dB1930e3420fCfF90c376d9cf515B34876,0x19e51aFD3EfA98A6E4B82D3834DE174D7a33f9B5,,IN,0,154778000000000,ok,,,0.01192,0.01202
0x00cfc5544f88dd69df8c4bfe1f0f442408b4a3a382d1237dd91df4b60b8bbb75,4856286,2020-01-27 12:03:35.000000Z,0x841C25A1b2bA723591c14636Dc13E4deeb65A79b,0x19e51aFD3EfA98A6E4B82D3834DE174D7a33f9B5,,IN,0,77389000000000,ok,,,0.01187,0.01192
0x425dcf0dafc538cd76c6bf0539fe1fec5bfca61c3dbd2a331537d3897dfa0b11,4856286,2020-01-27 12:03:35.000000Z,0x841C25A1b2bA723591c14636Dc13E4deeb65A79b,0x19e51aFD3EfA98A6E4B82D3834DE174D7a33f9B5,,IN,0,77389000000000,ok,,,0.01187,0.01192
0xebb2dd4c34963f350ae7e343135b1fcf45d6686f2c6e16c2f9bcf4b235badb49,4856285,2020-01-27 12:03:15.000000Z,0x841C25A1b2bA723591c14636Dc13E4deeb65A79b,0x19e51aFD3EfA98A6E4B82D3834DE174D7a33f9B5,,IN,0,77389000000000,ok,,,0.01187,0.01192
0x5138052f577a96cb87077a0226a5f1c415a71534b55b7600a3927f6b162f3ac8,4856283,2020-01-27 12:03:05.000000Z,0x841C25A1b2bA723591c14636Dc13E4deeb65A79b,0x19e51aFD3EfA98A6E4B82D3834DE174D7a33f9B5,,IN,0,77389000000000,ok,,,0.01187,0.01192
0x985cf26ddb2f3386c10d8455b2f3bacc537ab3f88a790da43c9c0dd926d2abe2,4854729,2020-01-27 08:38:25.000000Z,0xF0f659e9ec6B4358A8d7FbA6a0CA79bAADe10552,0x19e51aFD3EfA98A6E4B82D3834DE174D7a33f9B5,,IN,0,77389000000000,ok,,,0.01187,0.01192
0xa08c84186744f10102cdf2590fd908de798087d25d1c39c13339c654617894ba,4854719,2020-01-27 08:37:05.000000Z,0xF0f659e9ec6B4358A8d7FbA6a0CA79bAADe10552,0x19e51aFD3EfA98A6E4B82D3834DE174D7a33f9B5,,IN,0,77389000000000,ok,,,0.01187,0.01192
0x260896557c627c6f017b21900e15547862bc4eb5995728d57a158bc911fc330b,4854714,2020-01-27 08:36:25.000000Z,0xF0f659e9ec6B4358A8d7FbA6a0CA79bAADe10552,0x19e51aFD3EfA98A6E4B82D3834DE174D7a33f9B5,,IN,0,77389000000000,ok,,,0.01187,0.01192
0x8da0a01612d5e383c88743b4a050f24847266c20fb8c62bd262f7e62cc50ea56,4854701,2020-01-27 08:34:45.000000Z,0xF0f659e9ec6B4358A8d7FbA6a0CA79bAADe10552,0x19e51aFD3EfA98A6E4B82D3834DE174D7a33f9B5,,IN,0,77389000000000,ok,,,0.01187,0.01192
0x3cf9cfd900f29318299529a314dcb7f4b1a880e086029f457a6b5a7d2fdebf90,4830572,2020-01-25 03:34:25.000000Z,0x8De281f47B137979e55B6CEa598179737574C774,0x19e51aFD3EfA98A6E4B82D3834DE174D7a33f9B5,,IN,0,77389000000000,ok,,,0.0118,0.01193
0x62ae91e237a323a7bd5006e76043cf40461202a724b21ab3436e4194e073b8b5,4830571,2020-01-25 03:34:20.000000Z,0x8De281f47B137979e55B6CEa598179737574C774,0x19e51aFD3EfA98A6E4B82D3834DE174D7a33f9B5,,IN,0,77389000000000,ok,,,0.0118,0.01193
0x271c598fa630f9ebe36848b54a8be35c8be82acbc294d20745ee78bd9b2cca40,4830569,2020-01-25 03:34:00.000000Z,0x8De281f47B137979e55B6CEa598179737574C774,0x19e51aFD3EfA98A6E4B82D3834DE174D7a33f9B5,,IN,0,77389000000000,ok,,,0.0118,0.01193
0x0519061f6b767758f4bc7c7e97dabae51014bcd7ab044185184d7a98053bec25,4830568,2020-01-25 03:33:55.000000Z,0x8De281f47B137979e55B6CEa598179737574C774,0x19e51aFD3EfA98A6E4B82D3834DE174D7a33f9B5,,IN,0,77389000000000,ok,,,0.0118,0.01193
0x69d9ce5d4443faee9d4924c17133d315d594aaf0b0b6a0c37c290e6289558714,4826747,2020-01-24 19:09:50.000000Z,0xe659bc6A60Ba2091c08F7df623BA6057349B6980,0x19e51aFD3EfA98A6E4B82D3834DE174D7a33f9B5,,IN,0,77389000000000,ok,,,0.0115,0.0118
0x7048c94c3b856367a076b9f8a4624f50e1d28b49e63568915fd3efd775b862cd,4826746,2020-01-24 19:09:45.000000Z,0xe659bc6A60Ba2091c08F7df623BA6057349B6980,0x19e51aFD3EfA98A6E4B82D3834DE174D7a33f9B5,,IN,0,77389000000000,ok,,,0.0115,0.0118
0x83fe88d43b19cb836436dab5fc5f6c6b15c791ee74e517add826b474ef69f080,4826745,2020-01-24 19:09:35.000000Z,0xe659bc6A60Ba2091c08F7df623BA6057349B6980,0x19e51aFD3EfA98A6E4B82D3834DE174D7a33f9B5,,IN,0,77389000000000,ok,,,0.0115,0.0118
0x1be339aec3bb517e96b1b67c533fb9aff1b6c9f5ffb898bd8f6ed9c8df9cbd76,4826742,2020-01-24 19:09:05.000000Z,0xe659bc6A60Ba2091c08F7df623BA6057349B6980,0x19e51aFD3EfA98A6E4B82D3834DE174D7a33f9B5,,IN,0,77389000000000,ok,,,0.0115,0.0118
0x1039ca85e8fdc531cc309aa06a9b00efdc633baec2609980244e3f46e6f53172,4812360,2020-01-23 09:21:25.000000Z,0x37D1B7a3EEc870e593C32d790E52B89908cA90F1,0x19e51aFD3EfA98A6E4B82D3834DE174D7a33f9B5,,IN,0,77389000000000,ok,,,0.01213,0.0115
0x779e5ff0392bfad9ad7ec7dbb33f8c39717d07c5dd37c1a8e29b3ecd699f3eb1,4812358,2020-01-23 09:21:10.000000Z,0x37D1B7a3EEc870e593C32d790E52B89908cA90F1,0x19e51aFD3EfA98A6E4B82D3834DE174D7a33f9B5,,IN,0,77389000000000,ok,,,0.01213,0.0115
0xaa8c24cb0944f55ad4f415066dffdfd5b1db3d9a2ffc097dfe8813bbac58a941,4812354,2020-01-23 09:20:40.000000Z,0x37D1B7a3EEc870e593C32d790E52B89908cA90F1,0x19e51aFD3EfA98A6E4B82D3834DE174D7a33f9B5,,IN,0,77389000000000,ok,,,0.01213,0.0115
0xc513dec6f53f87c3d7c0ea05e40a6daac6494f4324e84d98abfdeaefbb61d113,4812351,2020-01-23 09:20:15.000000Z,0x37D1B7a3EEc870e593C32d790E52B89908cA90F1,0x19e51aFD3EfA98A6E4B82D3834DE174D7a33f9B5,,IN,0,77389000000000,ok,,,0.01213,0.0115
0xfb65ab3860ab88a9fa9501475c7d3f939b83c2044d100d281f7c36ddf3169202,4802641,2020-01-22 11:42:50.000000Z,0x60B038A423272609807AFB59Bfd4EdEdd8938F48,0x19e51aFD3EfA98A6E4B82D3834DE174D7a33f9B5,,IN,0,77389000000000,ok,,,0.01195,0.01213
0xa19ee9a2de5a59cd5d061b3db864b486507816c3a13da729a46aa26084aabd5f,4802636,2020-01-22 11:42:15.000000Z,0x60B038A423272609807AFB59Bfd4EdEdd8938F48,0x19e51aFD3EfA98A6E4B82D3834DE174D7a33f9B5,,IN,0,77389000000000,ok,,,0.01195,0.01213
0x72783fb5e3f329b20a233ba37665819d455318a86a93fddde786c2fdedc0426f,4802628,2020-01-22 11:41:10.000000Z,0x60B038A423272609807AFB59Bfd4EdEdd8938F48,0x19e51aFD3EfA98A6E4B82D3834DE174D7a33f9B5,,IN,0,77389000000000,ok,,,0.01195,0.01213
0x758ac00d5a674f354360d2f0884727917e2125b7d57d81dc8cadb46549d019e4,4802622,2020-01-22 11:40:30.000000Z,0x60B038A423272609807AFB59Bfd4EdEdd8938F48,0x19e51aFD3EfA98A6E4B82D3834DE174D7a33f9B5,,IN,0,77389000000000,ok,,,0.01195,0.01213
0x3d80fa5bcbb29c904fde03e27c11e63e750769de5d07c67880c18404ea49b551,4780484,2020-01-20 14:38:00.000000Z,0xdDdCb89201F5A24891610b033351a5408A081f98,0x19e51aFD3EfA98A6E4B82D3834DE174D7a33f9B5,,IN,0,77389000000000,ok,,,0.0121,0.012
0x190659a9e7c749ee0809e44ef154d56cc01343e95eac8b1ad374d074189fe0e3,4780178,2020-01-20 14:01:45.000000Z,0xdDdCb89201F5A24891610b033351a5408A081f98,0x19e51aFD3EfA98A6E4B82D3834DE174D7a33f9B5,,IN,0,77389000000000,ok,,,0.0121,0.012
0x5bb7598ad1d47fba49ae00440dce18e2b2b561e52149812ba317f97187f9af84,4780174,2020-01-20 14:01:15.000000Z,0xdDdCb89201F5A24891610b033351a5408A081f98,0x19e51aFD3EfA98A6E4B82D3834DE174D7a33f9B5,,IN,0,38783000000000,error,Reverted,,0.0121,0.012
0x284521d445084f43582e42fb792f3c8536fbcc256cf5e517a331320cd2bdeb0f,4780173,2020-01-20 14:01:05.000000Z,0xdDdCb89201F5A24891610b033351a5408A081f98,0x19e51aFD3EfA98A6E4B82D3834DE174D7a33f9B5,,IN,0,38783000000000,error,Reverted,,0.0121,0.012
0x96a7ef2a2fa699764c31d10b65b13e4586f9af8b907ef6fa580dbcc898a11553,4780171,2020-01-20 14:00:50.000000Z,0xdDdCb89201F5A24891610b033351a5408A081f98,0x19e51aFD3EfA98A6E4B82D3834DE174D7a33f9B5,,IN,0,38783000000000,error,Reverted,,0.0121,0.012
0x63dd84dadb7638296697c36288e2b74a11d32c6826c3c5f0e386caa94203bbef,4780168,2020-01-20 14:00:35.000000Z,0xdDdCb89201F5A24891610b033351a5408A081f98,0x19e51aFD3EfA98A6E4B82D3834DE174D7a33f9B5,,IN,0,77389000000000,ok,,,0.0121,0.012
0xa6010ffc0be72f7560a9eb5f060ba993e8cdad1d632d13fb65d0c4456d659bc5,4780167,2020-01-20 14:00:25.000000Z,0xdDdCb89201F5A24891610b033351a5408A081f98,0x19e51aFD3EfA98A6E4B82D3834DE174D7a33f9B5,,IN,0,38783000000000,error,Reverted,,0.0121,0.012
0x984db0faf25ea1d4293007042517fb57457649bf12308b9706feb77865544663,4780164,2020-01-20 14:00:10.000000Z,0xdDdCb89201F5A24891610b033351a5408A081f98,0x19e51aFD3EfA98A6E4B82D3834DE174D7a33f9B5,,IN,0,38783000000000,error,Reverted,,0.0121,0.012
0x0c5d346990e8e6e2bc2a1c549578697ee7f34a34c3ce0a8447050d49ec332e12,4780163,2020-01-20 14:00:00.000000Z,0xdDdCb89201F5A24891610b033351a5408A081f98,0x19e51aFD3EfA98A6E4B82D3834DE174D7a33f9B5,,IN,0,77389000000000,ok,,,0.0121,0.012
0x7b253368c537166778402085e4234844d4a513aff20fd4c5e1cc1733e91c0a64,4705318,2020-01-14 13:55:35.000000Z,0xaA84378fA41da83a9B6523bA46E45A664FbEBFC8,0x19e51aFD3EfA98A6E4B82D3834DE174D7a33f9B5,,IN,0,77389000000000,ok,,,0.01119,0.0112
0x5514ab495e707860382619859348f9f09423a3e0f4e9fa7979c04a0cb1b100fc,4705308,2020-01-14 13:54:20.000000Z,0xaA84378fA41da83a9B6523bA46E45A664FbEBFC8,0x19e51aFD3EfA98A6E4B82D3834DE174D7a33f9B5,,IN,0,77389000000000,ok,,,0.01119,0.0112
0x3ca18e9729bbeeead7a3bb210c26ccb14350bec37b25f9ce96faed7eeff09425,4705293,2020-01-14 13:52:35.000000Z,0xaA84378fA41da83a9B6523bA46E45A664FbEBFC8,0x19e51aFD3EfA98A6E4B82D3834DE174D7a33f9B5,,IN,0,77389000000000,ok,,,0.01119,0.0112
0x34a7345311beccba1138221de374c8e8e81787d9820e32eba2f328f1a3cc25a0,4705278,2020-01-14 13:51:00.000000Z,0xaA84378fA41da83a9B6523bA46E45A664FbEBFC8,0x19e51aFD3EfA98A6E4B82D3834DE174D7a33f9B5,,IN,0,77389000000000,ok,,,0.01119,0.0112
0xd930a19545d8f6ce2e5881c9b55527d6651e9d48bafddce3de7ffaa34a1553e6,4704438,2020-01-14 12:17:50.000000Z,0x63fb9AaB8BcD1837d8D1A5318b73b1d4Adc4Fc6a,0x19e51aFD3EfA98A6E4B82D3834DE174D7a33f9B5,,IN,0,77389000000000,ok,,,0.01119,0.0112
0xeadb2008bc3ef0022a62319275a3d1933c95b81b8f8ba21ef38e7359f71fd081,4704437,2020-01-14 12:17:45.000000Z,0x63fb9AaB8BcD1837d8D1A5318b73b1d4Adc4Fc6a,0x19e51aFD3EfA98A6E4B82D3834DE174D7a33f9B5,,IN,0,77389000000000,ok,,,0.01119,0.0112
0x24e323cf89c49f42fa48869615c75926a2673908f288ecca47ffbc35c3dcc9ae,4704435,2020-01-14 12:17:35.000000Z,0x63fb9AaB8BcD1837d8D1A5318b73b1d4Adc4Fc6a,0x19e51aFD3EfA98A6E4B82D3834DE174D7a33f9B5,,IN,0,77389000000000,ok,,,0.01119,0.0112
0x2bcfe020549378892de3ed899ee4d7785364edeb755848e5fc10a2c96c0ba814,4704434,2020-01-14 12:17:25.000000Z,0x63fb9AaB8BcD1837d8D1A5318b73b1d4Adc4Fc6a,0x19e51aFD3EfA98A6E4B82D3834DE174D7a33f9B5,,IN,0,77389000000000,ok,,,0.01119,0.0112
0x9807b1daccd8a2077d572883d2ef9a9c7906d7af945c332d25a311c221f1082a,4703103,2020-01-14 09:49:40.000000Z,0xaA84378fA41da83a9B6523bA46E45A664FbEBFC8,0x19e51aFD3EfA98A6E4B82D3834DE174D7a33f9B5,,IN,0,74353000000000,ok,,,0.01119,0.0112
0xcdd61e260ded850c6ae46bd73a4ccf5d2fed915b2f6e13532e1d01e327818baa,4702211,2020-01-14 08:10:15.000000Z,0x6e7215893131bF41Af6256B5Cf0bD61BD631B796,0x19e51aFD3EfA98A6E4B82D3834DE174D7a33f9B5,,IN,0,38167000000000,error,Reverted,,0.01119,0.0112
0xdf5d429758fbd65c3ee79425dea6580c3f1a92899dccf715850462fd819a0f7c,4702167,2020-01-14 08:05:15.000000Z,0x6e7215893131bF41Af6256B5Cf0bD61BD631B796,0x19e51aFD3EfA98A6E4B82D3834DE174D7a33f9B5,,IN,0,76773000000000,ok,,,0.01119,0.0112
0xeb2c753b2e5ed5156633848cabf0a367f0cb6f1fe56ff8c769c16e6b2d12ada6,4702166,2020-01-14 08:05:05.000000Z,0x6e7215893131bF41Af6256B5Cf0bD61BD631B796,0x19e51aFD3EfA98A6E4B82D3834DE174D7a33f9B5,,IN,0,76773000000000,ok,,,0.01119,0.0112
0x3ba4cb5bec9e9d54f36b2c652c8914ee5271534f4efa228fe040afd97baa71f5,4634009,2020-01-08 09:15:55.000000Z,0x738e6E88d4415E2e5075e15CC24FD9416F1c89C3,0x19e51aFD3EfA98A6E4B82D3834DE174D7a33f9B5,,IN,0,76773000000000,ok,,,0.01159,0.0115
0x97cbc2ab85ae52cb0ca290df331b0a5353ab984964e00f7e2444e42a2f50477b,4633699,2020-01-08 08:38:35.000000Z,0x738e6E88d4415E2e5075e15CC24FD9416F1c89C3,0x19e51aFD3EfA98A6E4B82D3834DE174D7a33f9B5,,IN,0,76773000000000,ok,,,0.01159,0.0115
0xae2b83b2106cb0d70bd050d3be8ef5fb8a78d08048c013ef671faa19883b6df4,4604873,2020-01-05 20:23:35.000000Z,0x9583259D41D3409a11e73addAdC399f391e7957d,0x19e51aFD3EfA98A6E4B82D3834DE174D7a33f9B5,,IN,0,106773000000000,ok,,,0.01229,0.01207
0xe73ac68f9c0fb5947642cc12830f21a2167f8e39ed5f504e374082b8f613b26e,4604871,2020-01-05 20:23:20.000000Z,0x9583259D41D3409a11e73addAdC399f391e7957d,0x19e51aFD3EfA98A6E4B82D3834DE174D7a33f9B5,,IN,0,106773000000000,ok,,,0.01229,0.01207
0xe77d6c51ef89b2a88eb51407b5719b9a99648be290e5dd738623f7afae74aa94,4604869,2020-01-05 20:23:10.000000Z,0x9583259D41D3409a11e73addAdC399f391e7957d,0x19e51aFD3EfA98A6E4B82D3834DE174D7a33f9B5,,IN,0,106773000000000,ok,,,0.01229,0.01207
0x6d66127be8006d94b0116cfd6f2bd0516d651b858ea6c9522c2f22ea24375d58,4604865,2020-01-05 20:22:45.000000Z,0x9583259D41D3409a11e73addAdC399f391e7957d,0x19e51aFD3EfA98A6E4B82D3834DE174D7a33f9B5,,IN,0,106773000000000,ok,,,0.01229,0.01207
0x2193b4a80e57782a57a3f60f7795e33af477c8533a69380325dfddc422b78a73,4580566,2020-01-03 16:26:45.000000Z,0xaA84378fA41da83a9B6523bA46E45A664FbEBFC8,0x19e51aFD3EfA98A6E4B82D3834DE174D7a33f9B5,,IN,0,287012000000000,ok,,,0.01149,0.0124
0xbab6a0a12a3826a089b86faa0b5bb85e40e430ac7d4dec2b6e7dad054a4f6438,4580558,2020-01-03 16:25:45.000000Z,0xaA84378fA41da83a9B6523bA46E45A664FbEBFC8,0x19e51aFD3EfA98A6E4B82D3834DE174D7a33f9B5,,IN,0,287652000000000,ok,,,0.01149,0.0124
0xbaac70b92bddf067e3db626ce029fd0bb510351587820299ad5d1e68be323f4c,4580545,2020-01-03 16:24:05.000000Z,0xaA84378fA41da83a9B6523bA46E45A664FbEBFC8,0x19e51aFD3EfA98A6E4B82D3834DE174D7a33f9B5,,IN,0,288356000000000,ok,,,0.01149,0.0124
0xfffda2cd63fc27ec91b707590fba92134bce021165b96f66f414604fdb12d8e4,4580537,2020-01-03 16:23:05.000000Z,0xaA84378fA41da83a9B6523bA46E45A664FbEBFC8,0x19e51aFD3EfA98A6E4B82D3834DE174D7a33f9B5,,IN,0,287588000000000,ok,,,0.01149,0.0124
0xd41d68243f5daf0828addb36d6424d04aecf13b21b9fd5964724610cf637b288,4580506,2020-01-03 16:19:05.000000Z,0xaA84378fA41da83a9B6523bA46E45A664FbEBFC8,0x19e51aFD3EfA98A6E4B82D3834DE174D7a33f9B5,,IN,0,155101000000000,ok,,,0.01149,0.0124
0x28ac576d08ecfb8438ab988003964ad99c989f36f455f97f7905733468f5a8fc,4580503,2020-01-03 16:18:35.000000Z,0xaA84378fA41da83a9B6523bA46E45A664FbEBFC8,0x19e51aFD3EfA98A6E4B82D3834DE174D7a33f9B5,,IN,0,154770000000000,ok,,,0.01149,0.0124
0xc66d38e4d52c2f4a21baa491ff1995e2975c6cdf89f62ebb89e5074991dd9803,4580489,2020-01-03 16:16:45.000000Z,0xaA84378fA41da83a9B6523bA46E45A664FbEBFC8,0x19e51aFD3EfA98A6E4B82D3834DE174D7a33f9B5,,IN,0,184770000000000,ok,,,0.01149,0.0124
0x23204c7aa78cf37cffc70e600d14726e8e5f24bdf29e7e9fa8824297495ce685,4447672,2019-12-23 14:58:20.000000Z,0x841C25A1b2bA723591c14636Dc13E4deeb65A79b,0x19e51aFD3EfA98A6E4B82D3834DE174D7a33f9B5,,IN,0,76773000000000,ok,,,0.01203,0.01202
0xf28feef138ff000326b06b94759c20d51803921474ba10d0c28446600cca90fb,4447671,2019-12-23 14:58:15.000000Z,0x841C25A1b2bA723591c14636Dc13E4deeb65A79b,0x19e51aFD3EfA98A6E4B82D3834DE174D7a33f9B5,,IN,0,76773000000000,ok,,,0.01203,0.01202
0x88cc8062fb197b4d8989cd26241f198b54676fe3bf1bb7511c98054429208c65,4447669,2019-12-23 14:58:05.000000Z,0x841C25A1b2bA723591c14636Dc13E4deeb65A79b,0x19e51aFD3EfA98A6E4B82D3834DE174D7a33f9B5,,IN,0,76773000000000,ok,,,0.01203,0.01202
0x7876753ed0a5ca0b8b085a571a2ede26c0161f21f66b8f48e9702a48e507577d,4383294,2019-12-18 07:07:45.000000Z,0x1eF319dB1930e3420fCfF90c376d9cf515B34876,0x19e51aFD3EfA98A6E4B82D3834DE174D7a33f9B5,,IN,0,76773000000000,ok,,,0.01102,0.01271
0xe27501c831bac47ac7af8a5b3ee2fb9d448a8626660e3ef20195ae4b66638432,4383293,2019-12-18 07:07:40.000000Z,0x1eF319dB1930e3420fCfF90c376d9cf515B34876,0x19e51aFD3EfA98A6E4B82D3834DE174D7a33f9B5,,IN,0,76773000000000,ok,,,0.01102,0.01271
0xcdfa63aca9751b9d46bf9d33a6a8961580f087c4f5577b3915044e9459f13692,4383291,2019-12-18 07:07:25.000000Z,0x1eF319dB1930e3420fCfF90c376d9cf515B34876,0x19e51aFD3EfA98A6E4B82D3834DE174D7a33f9B5,,IN,0,76773000000000,ok,,,0.01102,0.01271
0xac1ab26320b65d45d41c1f7e851a351c1a4e9f45c8b3dd2f7923c3d26862df85,4374481,2019-12-17 13:37:30.000000Z,0xaA84378fA41da83a9B6523bA46E45A664FbEBFC8,0x19e51aFD3EfA98A6E4B82D3834DE174D7a33f9B5,,IN,0,76773000000000,ok,,,0.01255,0.01102
0xe028d0216e5a2182fa8714a6c05a66735128ad62970eac0f2e7a7f9d6847fefb,4374477,2019-12-17 13:36:55.000000Z,0xaA84378fA41da83a9B6523bA46E45A664FbEBFC8,0x19e51aFD3EfA98A6E4B82D3834DE174D7a33f9B5,,IN,0,76773000000000,ok,,,0.01255,0.01102
0x1a1f4daf1ce371d32d1914d4f47cd554f163d7989b2a8561784ea7cd35368cd6,4374467,2019-12-17 13:35:50.000000Z,0xaA84378fA41da83a9B6523bA46E45A664FbEBFC8,0x19e51aFD3EfA98A6E4B82D3834DE174D7a33f9B5,,IN,0,76773000000000,ok,,,0.01255,0.01102
0x8e4eb7b81d091ea0b9518e8f49101ebc826be7b9a128f9b3ea233cedbf4ecbb3,4374354,2019-12-17 13:22:25.000000Z,0xe659bc6A60Ba2091c08F7df623BA6057349B6980,0x19e51aFD3EfA98A6E4B82D3834DE174D7a33f9B5,,IN,0,76773000000000,ok,,,0.01255,0.01102
0xb94578addee037645d4dcffe04931135b2c531253db2364447b12021f1eff5c8,4374354,2019-12-17 13:22:25.000000Z,0xe659bc6A60Ba2091c08F7df623BA6057349B6980,0x19e51aFD3EfA98A6E4B82D3834DE174D7a33f9B5,,IN,0,76773000000000,ok,,,0.01255,0.01102
